timestamp,city,pm25,temperature,pressure,wind_speed,wind_direction,dewpoint,snow_hours,rain_hours
2024-01-01 00:00:00,北京-Demo,49.0,15.3,1012.4,2.45,cv,7.0,0,0
2024-01-01 01:00:00,北京-Demo,44.2,17.9,1014.5,1.63,cv,10.6,0,0
2024-01-01 02:00:00,北京-Demo,51.9,14.4,1010.3,2.82,NE,-0.4,0,0
2024-01-01 03:00:00,北京-Demo,61.1,19.0,1013.3,2.6,SE,16.3,0,2
2024-01-01 04:00:00,北京-Demo,50.0,16.2,1013.9,2.25,NW,12.4,0,0
2024-01-01 05:00:00,北京-Demo,53.4,21.6,1014.0,1.37,SE,18.9,0,0
2024-01-01 06:00:00,北京-Demo,71.7,14.0,1010.8,2.86,NE,3.8,0,0
2024-01-01 07:00:00,北京-Demo,68.9,15.7,1016.7,3.57,cv,13.0,0,0
2024-01-01 08:00:00,北京-Demo,177.3,12.0,1012.8,5.43,NW,-0.9,0,0
2024-01-01 09:00:00,北京-Demo,174.9,13.5,1015.3,0.53,NW,4.9,0,0
2024-01-01 10:00:00,北京-Demo,157.2,17.0,1014.8,6.24,SE,8.1,0,0
2024-01-01 11:00:00,北京-Demo,148.0,18.5,1017.0,0.95,NE,9.2,0,0
2024-01-01 12:00:00,北京-Demo,144.7,24.0,1019.5,0.39,NE,19.8,0,0
2024-01-01 13:00:00,北京-Demo,118.6,14.8,1012.8,2.19,NE,10.3,0,0
2024-01-01 14:00:00,北京-Demo,111.3,12.4,1014.2,1.4,NW,6.2,0,0
2024-01-01 15:00:00,北京-Demo,111.7,17.4,1016.0,0.82,SE,7.7,0,1
2024-01-01 16:00:00,北京-Demo,99.2,11.8,1013.6,1.98,NW,7.1,0,0
2024-01-01 17:00:00,北京-Demo,101.1,16.9,1017.5,2.53,NW,13.4,0,0
2024-01-01 18:00:00,北京-Demo,82.9,13.7,1017.8,3.25,cv,-0.9,0,0
2024-01-01 19:00:00,北京-Demo,71.0,15.8,1017.4,2.04,SE,13.6,0,0
2024-01-01 20:00:00,北京-Demo,86.9,18.5,1016.9,6.2,cv,6.1,0,0
2024-01-01 21:00:00,北京-Demo,67.1,14.9,1019.3,6.42,NE,2.6,0,1
2024-01-01 22:00:00,北京-Demo,64.3,18.0,1014.4,8.67,NW,12.2,0,0
2024-01-01 23:00:00,北京-Demo,48.4,17.9,1016.9,3.24,SE,14.1,0,0
2024-01-02 00:00:00,北京-Demo,52.8,9.7,1015.4,1.97,NE,5.8,0,1
2024-01-02 01:00:00,北京-Demo,56.6,12.6,1018.8,3.07,SE,1.5,0,2
2024-01-02 02:00:00,北京-Demo,46.3,10.6,1013.5,2.08,NW,0.2,0,0
2024-01-02 03:00:00,北京-Demo,59.4,21.3,1017.2,5.5,SE,9.1,0,1
2024-01-02 04:00:00,北京-Demo,53.4,15.0,1018.0,3.99,NE,0.8,0,0
2024-01-02 05:00:00,北京-Demo,58.3,20.7,1015.5,1.69,cv,9.7,0,0
2024-01-02 06:00:00,北京-Demo,58.7,10.4,1016.3,4.04,NW,6.4,0,0
2024-01-02 07:00:00,北京-Demo,81.3,13.6,1017.6,0.4,cv,8.5,0,0
2024-01-02 08:00:00,北京-Demo,63.4,17.7,1019.6,6.7,NW,4.8,0,0
2024-01-02 09:00:00,北京-Demo,58.1,15.9,1015.7,1.38,NE,11.2,0,0
2024-01-02 10:00:00,北京-Demo,75.5,17.0,1016.1,6.12,NW,14.0,0,0
2024-01-02 11:00:00,北京-Demo,60.6,11.6,1020.1,1.69,cv,0.5,0,0
2024-01-02 12:00:00,北京-Demo,72.6,19.5,1017.3,2.64,NW,12.3,0,1
2024-01-02 13:00:00,北京-Demo,54.7,17.7,1016.4,1.9,NE,3.8,0,0
2024-01-02 14:00:00,北京-Demo,58.2,16.6,1019.4,3.46,NW,6.2,0,0
2024-01-02 15:00:00,北京-Demo,68.1,13.4,1017.0,0.87,cv,10.2,0,0
2024-01-02 16:00:00,北京-Demo,69.3,16.4,1020.0,0.18,NE,2.1,0,1
2024-01-02 17:00:00,北京-Demo,61.1,14.6,1016.7,5.82,cv,9.2,0,0
2024-01-02 18:00:00,北京-Demo,55.0,10.5,1017.7,6.66,NW,4.1,0,2
2024-01-02 19:00:00,北京-Demo,49.6,15.3,1019.9,1.69,SE,8.1,0,0
2024-01-02 20:00:00,北京-Demo,36.6,15.0,1017.5,1.2,cv,12.3,0,0
2024-01-02 21:00:00,北京-Demo,39.6,18.7,1019.5,2.09,NW,10.2,0,0
2024-01-02 22:00:00,北京-Demo,39.4,8.8,1017.8,0.89,SE,5.2,0,0
2024-01-02 23:00:00,北京-Demo,50.1,16.2,1021.9,3.23,SE,9.0,0,0
2024-01-03 00:00:00,北京-Demo,43.9,12.0,1021.0,1.84,NE,5.5,0,0
2024-01-03 01:00:00,北京-Demo,27.6,16.5,1015.2,1.64,SE,4.4,0,0
2024-01-03 02:00:00,北京-Demo,45.9,16.7,1018.8,1.52,cv,4.2,0,0
2024-01-03 03:00:00,北京-Demo,42.7,15.3,1016.1,2.3,cv,11.3,0,1
2024-01-03 04:00:00,北京-Demo,43.5,18.0,1018.0,1.87,SE,11.2,0,2
2024-01-03 05:00:00,北京-Demo,57.6,11.8,1017.7,2.35,NW,5.0,0,0
2024-01-03 06:00:00,北京-Demo,64.9,18.9,1015.4,1.41,cv,14.9,0,0
2024-01-03 07:00:00,北京-Demo,68.1,13.5,1019.5,4.99,cv,1.1,0,0
2024-01-03 08:00:00,北京-Demo,57.7,10.9,1017.7,3.23,NE,-0.3,0,0
2024-01-03 09:00:00,北京-Demo,65.1,14.8,1016.7,2.36,NW,10.3,0,0
2024-01-03 10:00:00,北京-Demo,72.8,9.3,1016.3,1.0,SE,2.6,0,1
2024-01-03 11:00:00,北京-Demo,79.5,16.4,1017.3,4.78,NW,13.0,0,0
2024-01-03 12:00:00,北京-Demo,68.5,14.9,1017.7,1.47,NE,4.7,0,0
2024-01-03 13:00:00,北京-Demo,70.5,19.4,1016.5,2.64,NE,15.8,0,0
2024-01-03 14:00:00,北京-Demo,61.8,17.6,1011.0,1.52,NW,2.8,0,1
2024-01-03 15:00:00,北京-Demo,58.9,11.5,1016.6,4.0,NE,-0.6,0,0
2024-01-03 16:00:00,北京-Demo,72.0,13.2,1013.5,1.49,NE,6.1,0,0
2024-01-03 17:00:00,北京-Demo,72.9,17.3,1015.8,4.05,NE,7.7,0,0
2024-01-03 18:00:00,北京-Demo,57.7,18.3,1013.3,1.28,NW,4.4,0,0
2024-01-03 19:00:00,北京-Demo,62.6,19.4,1013.1,0.31,NE,10.2,0,0
2024-01-03 20:00:00,北京-Demo,54.0,19.4,1018.3,1.41,SE,15.1,0,0
2024-01-03 21:00:00,北京-Demo,43.1,15.5,1015.0,3.02,SE,8.6,0,2
2024-01-03 22:00:00,北京-Demo,48.9,16.8,1014.7,0.83,cv,3.9,0,1
2024-01-03 23:00:00,北京-Demo,57.0,19.7,1016.3,2.18,SE,9.3,0,0
2024-01-04 00:00:00,北京-Demo,44.1,14.9,1014.4,2.19,cv,4.4,0,0
2024-01-04 01:00:00,北京-Demo,57.6,16.9,1019.2,7.44,NW,3.7,0,0
2024-01-04 02:00:00,北京-Demo,25.8,14.8,1014.3,1.17,NE,1.2,0,0
2024-01-04 03:00:00,北京-Demo,55.9,14.2,1015.4,6.93,SE,0.2,0,0
2024-01-04 04:00:00,北京-Demo,53.4,16.0,1016.4,1.18,cv,12.7,0,0
2024-01-04 05:00:00,北京-Demo,54.1,13.8,1017.5,3.66,NW,4.7,0,0
2024-01-04 06:00:00,北京-Demo,61.3,15.4,1012.6,1.92,cv,3.8,0,0
2024-01-04 07:00:00,北京-Demo,48.8,12.7,1013.1,1.7,NE,0.9,0,0
2024-01-04 08:00:00,北京-Demo,66.7,15.3,1016.3,0.63,SE,5.4,0,1
2024-01-04 09:00:00,北京-Demo,74.6,17.2,1015.2,3.64,NW,13.0,0,0
2024-01-04 10:00:00,北京-Demo,86.2,14.1,1015.5,4.9,cv,1.7,0,0
2024-01-04 11:00:00,北京-Demo,71.9,15.9,1010.4,3.55,NW,4.6,0,0
2024-01-04 12:00:00,北京-Demo,70.3,16.3,1016.1,1.38,cv,13.2,0,0
2024-01-04 13:00:00,北京-Demo,72.5,17.3,1011.3,1.84,cv,9.2,0,0
2024-01-04 14:00:00,北京-Demo,82.5,15.5,1013.0,2.12,NE,11.3,0,1
2024-01-04 15:00:00,北京-Demo,75.7,19.2,1012.1,3.86,NE,12.8,0,1
2024-01-04 16:00:00,北京-Demo,65.9,9.6,1010.5,5.34,cv,7.4,0,0
2024-01-04 17:00:00,北京-Demo,70.8,24.8,1009.2,2.0,SE,17.6,0,0
2024-01-04 18:00:00,北京-Demo,63.8,13.4,1008.4,0.37,NW,4.2,0,0
2024-01-04 19:00:00,北京-Demo,67.1,17.2,1011.9,0.36,NW,7.1,0,0
2024-01-04 20:00:00,北京-Demo,50.3,13.2,1008.5,1.27,NE,2.5,0,0
2024-01-04 21:00:00,北京-Demo,50.4,17.9,1009.1,4.76,SE,5.1,0,0
2024-01-04 22:00:00,北京-Demo,47.7,16.8,1010.7,3.71,cv,12.0,0,0
2024-01-04 23:00:00,北京-Demo,37.8,14.1,1005.7,4.02,NE,10.5,0,0
2024-01-05 00:00:00,北京-Demo,51.6,19.3,1012.4,1.34,cv,6.2,0,0
2024-01-05 01:00:00,北京-Demo,52.0,15.6,1005.8,1.72,cv,11.5,0,1
2024-01-05 02:00:00,北京-Demo,51.7,17.7,1010.3,4.66,NE,3.0,0,0
2024-01-05 03:00:00,北京-Demo,52.3,13.3,1010.4,7.14,SE,0.4,0,0
2024-01-05 04:00:00,北京-Demo,46.1,16.0,1011.3,4.73,NW,7.5,0,0
2024-01-05 05:00:00,北京-Demo,57.9,22.1,1009.9,4.73,NE,7.3,0,0
2024-01-05 06:00:00,北京-Demo,62.6,19.0,1013.9,1.29,SE,15.7,0,0
2024-01-05 07:00:00,北京-Demo,62.9,17.0,1010.2,3.9,cv,11.1,0,0
2024-01-05 08:00:00,北京-Demo,71.8,14.8,1011.7,0.72,NE,4.5,0,0
2024-01-05 09:00:00,北京-Demo,79.6,16.3,1008.0,5.21,NW,9.8,0,1
2024-01-05 10:00:00,北京-Demo,94.0,16.7,1009.6,3.18,NW,2.7,0,1
2024-01-05 11:00:00,北京-Demo,82.0,17.5,1012.3,1.99,cv,14.6,0,1
2024-01-05 12:00:00,北京-Demo,83.3,12.9,1008.6,0.23,NE,3.8,0,0
2024-01-05 13:00:00,北京-Demo,80.3,18.2,1009.4,1.94,NW,8.5,0,2
2024-01-05 14:00:00,北京-Demo,64.1,12.9,1010.8,2.46,NE,2.4,0,0
2024-01-05 15:00:00,北京-Demo,77.0,21.1,1007.3,2.65,NW,15.8,0,0
2024-01-05 16:00:00,北京-Demo,74.7,13.9,1004.3,2.01,cv,7.1,0,0
2024-01-05 17:00:00,北京-Demo,90.4,17.1,1009.1,1.58,cv,4.1,0,0
2024-01-05 18:00:00,北京-Demo,65.4,19.2,1010.5,1.17,NE,14.7,0,0
2024-01-05 19:00:00,北京-Demo,65.6,15.5,1005.7,7.14,SE,2.7,0,1
2024-01-05 20:00:00,北京-Demo,59.4,17.3,1009.7,8.5,SE,8.0,0,0
2024-01-05 21:00:00,北京-Demo,47.3,20.6,1009.6,2.9,cv,8.7,0,0
2024-01-05 22:00:00,北京-Demo,63.5,18.0,1003.7,1.25,NW,6.7,0,0
2024-01-05 23:00:00,北京-Demo,58.9,17.3,1006.3,0.95,SE,12.6,0,0
2024-01-06 00:00:00,北京-Demo,58.8,11.2,1007.3,2.0,cv,1.8,0,0
2024-01-06 01:00:00,北京-Demo,45.7,13.5,1007.7,8.29,NW,0.2,0,0
2024-01-06 02:00:00,北京-Demo,65.8,19.5,1006.6,3.0,NW,11.8,0,1
2024-01-06 03:00:00,北京-Demo,45.8,18.0,1006.4,5.56,SE,3.5,0,0
2024-01-06 04:00:00,北京-Demo,64.8,18.5,1011.4,5.49,cv,10.6,0,0
2024-01-06 05:00:00,北京-Demo,81.3,18.2,1007.8,3.99,NW,14.4,0,1
2024-01-06 06:00:00,北京-Demo,59.8,20.2,1006.6,0.88,NW,13.2,0,0
2024-01-06 07:00:00,北京-Demo,67.1,15.6,1007.9,5.5,NE,1.2,0,0
2024-01-06 08:00:00,北京-Demo,76.0,16.7,1009.1,0.78,NE,10.6,0,1
2024-01-06 09:00:00,北京-Demo,74.3,13.3,1008.1,1.3,SE,0.0,0,0
2024-01-06 10:00:00,北京-Demo,68.3,12.6,1007.6,3.1,NE,-0.9,0,1
2024-01-06 11:00:00,北京-Demo,82.8,11.5,1006.8,1.84,cv,4.9,0,0
2024-01-06 12:00:00,北京-Demo,74.2,13.8,1006.8,3.08,SE,10.7,0,0
2024-01-06 13:00:00,北京-Demo,86.0,21.1,1007.0,0.74,SE,9.7,0,0
2024-01-06 14:00:00,北京-Demo,73.3,11.8,1008.9,1.3,NE,5.7,0,0
2024-01-06 15:00:00,北京-Demo,90.6,15.5,1006.3,3.87,NW,3.4,0,0
2024-01-06 16:00:00,北京-Demo,68.8,12.6,1009.1,12.59,cv,4.8,0,0
2024-01-06 17:00:00,北京-Demo,68.8,14.7,1011.2,6.37,cv,6.4,0,0
2024-01-06 18:00:00,北京-Demo,74.0,17.0,1009.1,0.51,cv,4.9,0,1
2024-01-06 19:00:00,北京-Demo,53.7,14.4,1007.8,1.99,SE,7.4,0,0
2024-01-06 20:00:00,北京-Demo,61.7,19.8,1006.1,1.48,cv,12.0,0,0
2024-01-06 21:00:00,北京-Demo,67.1,21.1,1011.9,2.44,NW,14.2,0,0
2024-01-06 22:00:00,北京-Demo,41.3,9.8,1006.5,3.07,NW,3.0,0,0
2024-01-06 23:00:00,北京-Demo,54.1,14.5,1010.7,1.56,NE,5.6,0,0
2024-01-07 00:00:00,北京-Demo,54.1,16.7,1010.4,5.02,cv,4.2,0,1
2024-01-07 01:00:00,北京-Demo,58.7,19.9,1008.7,5.64,SE,13.2,0,2
2024-01-07 02:00:00,北京-Demo,43.9,15.2,1008.8,5.43,NE,6.4,0,0
2024-01-07 03:00:00,北京-Demo,45.5,16.5,1005.8,1.11,NW,5.8,0,2
2024-01-07 04:00:00,北京-Demo,63.3,13.1,1010.3,3.19,cv,7.6,0,0
2024-01-07 05:00:00,北京-Demo,65.0,12.0,1011.0,5.09,NW,6.4,0,0
2024-01-07 06:00:00,北京-Demo,68.3,20.9,1007.7,4.45,NE,6.8,0,1
2024-01-07 07:00:00,北京-Demo,72.9,11.1,1009.7,4.24,NW,-0.3,0,0
2024-01-07 08:00:00,北京-Demo,68.1,23.6,1010.3,6.45,cv,14.1,0,1
2024-01-07 09:00:00,北京-Demo,78.4,18.8,1011.5,1.71,cv,8.4,0,0
2024-01-07 10:00:00,北京-Demo,81.1,18.7,1010.5,0.42,NE,16.3,0,0
2024-01-07 11:00:00,北京-Demo,74.4,18.4,1007.4,1.97,cv,8.4,0,1
2024-01-07 12:00:00,北京-Demo,95.4,15.9,1009.8,2.06,NW,7.3,0,0
2024-01-07 13:00:00,北京-Demo,83.7,17.9,1011.4,11.43,NW,8.8,0,0
2024-01-07 14:00:00,北京-Demo,68.7,16.1,1012.9,1.45,SE,9.5,0,0
2024-01-07 15:00:00,北京-Demo,80.9,18.4,1010.1,5.55,SE,15.3,0,0
2024-01-07 16:00:00,北京-Demo,64.6,16.6,1015.9,10.02,SE,12.1,0,0
2024-01-07 17:00:00,北京-Demo,74.9,13.9,1007.9,8.59,NW,-0.5,0,0
2024-01-07 18:00:00,北京-Demo,73.9,14.1,1010.8,2.46,NW,6.8,0,0
2024-01-07 19:00:00,北京-Demo,54.0,13.8,1011.9,4.49,NE,5.7,0,0
2024-01-07 20:00:00,北京-Demo,64.5,19.7,1011.9,2.99,SE,17.0,0,0
2024-01-07 21:00:00,北京-Demo,56.8,14.9,1010.0,1.25,NW,12.4,0,0
2024-01-07 22:00:00,北京-Demo,57.5,11.0,1013.5,6.19,NE,-0.3,0,0
2024-01-07 23:00:00,北京-Demo,64.5,18.0,1013.6,3.85,NW,9.0,0,1
2024-01-08 00:00:00,北京-Demo,46.6,21.3,1013.1,1.11,NE,12.7,0,0
2024-01-08 01:00:00,北京-Demo,42.9,19.1,1013.9,1.84,SE,14.0,0,0
2024-01-08 02:00:00,北京-Demo,43.2,15.0,1012.5,2.21,SE,3.3,0,0
2024-01-08 03:00:00,北京-Demo,46.0,12.1,1010.3,5.7,SE,7.9,0,0
2024-01-08 04:00:00,北京-Demo,54.8,16.4,1012.3,0.85,NW,12.0,0,0
2024-01-08 05:00:00,北京-Demo,61.6,16.4,1014.2,0.84,NW,8.4,0,0
2024-01-08 06:00:00,北京-Demo,64.8,14.0,1014.4,2.95,NE,8.2,0,0
2024-01-08 07:00:00,北京-Demo,73.0,18.5,1014.4,1.04,cv,13.3,0,0
2024-01-08 08:00:00,北京-Demo,69.9,22.4,1015.6,2.16,cv,12.0,0,0
2024-01-08 09:00:00,北京-Demo,84.4,17.6,1013.5,1.66,SE,7.1,0,0
2024-01-08 10:00:00,北京-Demo,72.9,17.4,1014.9,0.25,cv,4.7,0,0
2024-01-08 11:00:00,北京-Demo,98.1,14.1,1016.1,1.39,SE,6.7,0,0
2024-01-08 12:00:00,北京-Demo,81.7,21.1,1015.0,2.11,NE,18.2,0,0
2024-01-08 13:00:00,北京-Demo,69.2,16.7,1012.8,4.86,cv,11.2,0,0
2024-01-08 14:00:00,北京-Demo,65.8,15.2,1013.6,8.69,cv,0.5,0,0
2024-01-08 15:00:00,北京-Demo,75.7,17.2,1017.3,1.27,SE,7.4,0,0
2024-01-08 16:00:00,北京-Demo,66.8,18.4,1018.6,2.85,NE,7.2,0,0
2024-01-08 17:00:00,北京-Demo,70.6,17.4,1018.3,3.63,cv,15.3,0,1
2024-01-08 18:00:00,北京-Demo,64.7,20.6,1016.6,10.85,cv,11.9,0,0
2024-01-08 19:00:00,北京-Demo,56.3,18.2,1013.9,1.59,cv,15.7,0,0
2024-01-08 20:00:00,北京-Demo,46.4,16.2,1016.4,1.21,NE,6.8,0,0
2024-01-08 21:00:00,北京-Demo,37.8,18.2,1019.7,1.86,NE,4.3,0,0
2024-01-08 22:00:00,北京-Demo,43.8,18.5,1017.9,1.2,cv,3.9,0,0
2024-01-08 23:00:00,北京-Demo,52.7,13.2,1016.4,4.05,SE,4.1,0,0
2024-01-09 00:00:00,北京-Demo,46.9,20.5,1018.2,4.97,SE,12.6,0,0
2024-01-09 01:00:00,北京-Demo,35.7,16.2,1014.5,3.03,cv,1.9,0,0
2024-01-09 02:00:00,北京-Demo,48.4,16.3,1015.7,2.88,NE,5.5,0,0
2024-01-09 03:00:00,北京-Demo,52.4,19.3,1015.1,6.28,cv,16.5,0,1
2024-01-09 04:00:00,北京-Demo,45.3,19.3,1018.3,2.12,NE,11.3,0,0
2024-01-09 05:00:00,北京-Demo,57.2,15.0,1018.8,4.4,cv,9.9,0,0
2024-01-09 06:00:00,北京-Demo,60.2,19.5,1017.2,2.09,NE,11.4,0,0
2024-01-09 07:00:00,北京-Demo,54.4,15.5,1015.8,0.87,NW,7.5,0,0
2024-01-09 08:00:00,北京-Demo,70.0,22.6,1017.6,5.63,SE,13.0,0,0
2024-01-09 09:00:00,北京-Demo,74.7,14.7,1016.7,3.17,NW,8.0,0,0
2024-01-09 10:00:00,北京-Demo,81.2,17.9,1016.2,5.28,SE,13.7,0,0
2024-01-09 11:00:00,北京-Demo,82.4,14.8,1018.5,3.44,NE,6.3,0,0
2024-01-09 12:00:00,北京-Demo,63.5,23.9,1016.4,3.75,NW,11.1,0,0
2024-01-09 13:00:00,北京-Demo,66.5,13.5,1014.8,1.23,SE,2.9,0,0
2024-01-09 14:00:00,北京-Demo,76.6,18.8,1015.3,3.68,cv,12.4,0,0
2024-01-09 15:00:00,北京-Demo,74.2,15.0,1014.8,6.23,NE,0.9,0,0
2024-01-09 16:00:00,北京-Demo,71.1,16.2,1018.5,2.34,NE,2.3,0,0
2024-01-09 17:00:00,北京-Demo,94.2,18.6,1018.3,1.52,cv,13.9,0,0
2024-01-09 18:00:00,北京-Demo,64.1,20.9,1018.2,4.52,cv,18.4,0,0
2024-01-09 19:00:00,北京-Demo,64.7,22.1,1019.2,0.76,SE,10.5,0,0
2024-01-09 20:00:00,北京-Demo,59.7,12.7,1020.4,6.78,NE,-0.1,0,0
2024-01-09 21:00:00,北京-Demo,54.2,18.1,1016.8,2.07,SE,3.5,0,0
2024-01-09 22:00:00,北京-Demo,44.1,21.7,1018.8,4.41,cv,8.1,0,0
2024-01-09 23:00:00,北京-Demo,51.3,12.2,1014.8,3.19,NE,2.4,0,0
2024-01-10 00:00:00,北京-Demo,38.6,18.3,1020.6,5.65,cv,9.4,0,0
2024-01-10 01:00:00,北京-Demo,43.4,17.3,1015.3,5.85,SE,15.0,0,0
2024-01-10 02:00:00,北京-Demo,43.0,18.6,1016.4,2.94,SE,13.4,0,0
2024-01-10 03:00:00,北京-Demo,50.0,15.0,1016.5,7.64,SE,7.1,0,0
2024-01-10 04:00:00,北京-Demo,71.1,13.1,1014.6,0.7,NE,2.9,0,1
2024-01-10 05:00:00,北京-Demo,41.3,11.6,1017.6,3.61,cv,2.4,0,0
2024-01-10 06:00:00,北京-Demo,65.7,20.3,1017.9,6.31,cv,8.7,0,0
2024-01-10 07:00:00,北京-Demo,51.3,20.7,1017.0,3.73,SE,15.1,0,1
2024-01-10 08:00:00,北京-Demo,64.2,18.3,1014.2,1.52,SE,9.0,0,0
2024-01-10 09:00:00,北京-Demo,79.9,15.8,1021.2,2.98,SE,12.7,0,0
2024-01-10 10:00:00,北京-Demo,74.2,12.6,1018.2,1.63,SE,5.2,0,0
2024-01-10 11:00:00,北京-Demo,66.7,19.1,1022.3,1.58,NW,7.4,0,0
2024-01-10 12:00:00,北京-Demo,70.3,14.1,1015.3,3.1,NW,3.1,0,0
2024-01-10 13:00:00,北京-Demo,81.0,15.3,1018.7,0.11,NW,0.4,0,0
2024-01-10 14:00:00,北京-Demo,68.4,15.7,1018.2,2.14,SE,10.1,0,0
2024-01-10 15:00:00,北京-Demo,73.8,16.9,1016.0,2.88,SE,8.4,0,0
2024-01-10 16:00:00,北京-Demo,69.4,15.2,1019.2,2.75,cv,8.9,0,0
2024-01-10 17:00:00,北京-Demo,60.4,17.6,1015.5,1.33,NE,9.9,0,0
2024-01-10 18:00:00,北京-Demo,79.0,15.6,1015.4,3.72,cv,2.5,0,0
2024-01-10 19:00:00,北京-Demo,63.3,19.6,1009.0,2.64,NW,8.7,0,0
2024-01-10 20:00:00,北京-Demo,38.5,20.6,1016.6,9.19,cv,7.1,0,1
2024-01-10 21:00:00,北京-Demo,53.3,17.9,1013.0,3.84,SE,13.2,0,0
2024-01-10 22:00:00,北京-Demo,44.3,18.9,1014.4,1.67,NW,5.6,0,0
2024-01-10 23:00:00,北京-Demo,55.1,23.9,1013.3,4.45,NW,21.1,0,1
2024-01-11 00:00:00,北京-Demo,41.6,14.1,1014.4,0.48,NE,0.5,0,0
2024-01-11 01:00:00,北京-Demo,47.8,13.9,1015.9,2.74,NE,7.6,0,0
2024-01-11 02:00:00,北京-Demo,54.4,19.7,1014.8,3.17,NW,13.6,0,0
2024-01-11 03:00:00,北京-Demo,59.9,23.4,1016.1,2.76,NW,14.8,0,0
2024-01-11 04:00:00,北京-Demo,46.6,16.8,1017.0,1.26,cv,2.6,0,1
2024-01-11 05:00:00,北京-Demo,57.4,22.8,1013.6,2.7,NW,20.2,0,0
2024-01-11 06:00:00,北京-Demo,60.4,17.9,1013.2,0.9,SE,11.3,0,0
2024-01-11 07:00:00,北京-Demo,63.0,15.6,1015.8,7.73,cv,2.5,0,0
2024-01-11 08:00:00,北京-Demo,86.2,14.7,1015.8,2.72,SE,7.5,0,0
2024-01-11 09:00:00,北京-Demo,78.6,19.6,1015.0,3.62,SE,15.0,0,0
2024-01-11 10:00:00,北京-Demo,67.9,14.9,1011.5,0.66,SE,7.4,0,0
2024-01-11 11:00:00,北京-Demo,87.0,17.9,1014.0,1.56,NW,10.9,0,0
2024-01-11 12:00:00,北京-Demo,97.4,22.4,1013.2,3.91,NE,8.5,0,0
2024-01-11 13:00:00,北京-Demo,88.3,16.8,1014.9,5.1,NE,4.9,0,0
2024-01-11 14:00:00,北京-Demo,66.6,21.7,1011.5,1.13,SE,13.1,0,1
2024-01-11 15:00:00,北京-Demo,72.7,14.1,1009.1,3.61,NW,-0.8,0,0
2024-01-11 16:00:00,北京-Demo,83.9,16.1,1013.6,1.88,cv,8.1,0,0
2024-01-11 17:00:00,北京-Demo,64.6,13.5,1007.0,0.44,SE,10.8,0,0
2024-01-11 18:00:00,北京-Demo,70.2,18.0,1010.4,1.51,cv,12.6,0,0
2024-01-11 19:00:00,北京-Demo,69.1,20.1,1009.7,5.22,cv,12.4,0,0
2024-01-11 20:00:00,北京-Demo,52.1,18.0,1009.5,5.62,NW,14.0,0,0
2024-01-11 21:00:00,北京-Demo,56.2,21.5,1009.9,3.09,NW,7.2,0,0
2024-01-11 22:00:00,北京-Demo,28.5,15.6,1013.6,2.82,NE,3.6,0,0
2024-01-11 23:00:00,北京-Demo,160.7,18.5,1012.6,1.86,NE,13.0,0,0
2024-01-12 00:00:00,北京-Demo,153.0,16.2,1010.3,0.2,NW,6.6,0,0
2024-01-12 01:00:00,北京-Demo,133.7,18.9,1012.9,3.35,SE,7.5,0,0
2024-01-12 02:00:00,北京-Demo,147.8,19.4,1008.4,1.21,NE,5.1,0,0
2024-01-12 03:00:00,北京-Demo,116.6,19.6,1007.9,6.2,cv,6.1,0,0
2024-01-12 04:00:00,北京-Demo,119.5,14.7,1011.9,0.85,SE,6.0,0,0
2024-01-12 05:00:00,北京-Demo,120.6,15.2,1011.2,5.43,cv,3.1,0,0
2024-01-12 06:00:00,北京-Demo,128.7,15.8,1009.0,0.42,NW,6.5,0,0
2024-01-12 07:00:00,北京-Demo,104.0,17.2,1007.5,11.51,cv,8.0,0,0
2024-01-12 08:00:00,北京-Demo,123.6,18.2,1012.5,0.68,SE,14.7,0,1
2024-01-12 09:00:00,北京-Demo,113.2,20.0,1006.0,5.63,NW,16.4,0,0
2024-01-12 10:00:00,北京-Demo,103.9,15.4,1008.1,1.48,SE,6.5,0,0
2024-01-12 11:00:00,北京-Demo,113.7,13.1,1009.7,3.89,cv,7.6,0,0
2024-01-12 12:00:00,北京-Demo,109.2,24.4,1012.7,7.77,SE,22.1,0,0
2024-01-12 13:00:00,北京-Demo,99.8,14.6,1009.7,2.03,NW,3.2,0,0
2024-01-12 14:00:00,北京-Demo,101.4,20.5,1009.8,10.83,cv,18.1,0,0
2024-01-12 15:00:00,北京-Demo,93.4,18.1,1007.6,7.9,cv,8.3,0,0
2024-01-12 16:00:00,北京-Demo,92.6,18.7,1009.8,0.59,NE,9.7,0,1
2024-01-12 17:00:00,北京-Demo,91.8,18.0,1008.8,2.5,NE,3.4,0,0
2024-01-12 18:00:00,北京-Demo,94.0,16.9,1005.3,2.08,SE,8.6,0,0
2024-01-12 19:00:00,北京-Demo,66.4,19.4,1010.0,2.63,NE,16.6,0,0
2024-01-12 20:00:00,北京-Demo,88.7,16.7,1010.3,1.87,NE,7.5,0,0
2024-01-12 21:00:00,北京-Demo,52.0,21.5,1009.9,1.14,NE,8.6,0,0
2024-01-12 22:00:00,北京-Demo,63.2,19.8,1008.3,2.38,NE,4.8,0,0
2024-01-12 23:00:00,北京-Demo,61.2,19.9,1006.3,3.8,NW,12.3,0,0
2024-01-13 00:00:00,北京-Demo,58.3,16.6,1003.5,0.11,NW,10.4,0,0
2024-01-13 01:00:00,北京-Demo,51.6,17.4,1008.4,4.79,NE,3.6,0,0
2024-01-13 02:00:00,北京-Demo,56.5,14.5,1010.2,2.88,SE,10.0,0,1
2024-01-13 03:00:00,北京-Demo,56.6,17.0,1010.0,6.9,NW,7.0,0,1
2024-01-13 04:00:00,北京-Demo,59.0,15.0,1009.6,1.74,NE,7.7,0,0
2024-01-13 05:00:00,北京-Demo,74.2,22.1,1007.9,1.55,NW,19.5,0,0
2024-01-13 06:00:00,北京-Demo,74.1,18.3,1010.2,1.26,cv,11.8,0,0
2024-01-13 07:00:00,北京-Demo,69.6,18.7,1009.9,3.65,NW,13.2,0,1
2024-01-13 08:00:00,北京-Demo,86.0,17.5,1007.2,0.36,NW,6.6,0,0
2024-01-13 09:00:00,北京-Demo,84.4,18.8,1009.4,1.34,SE,4.4,0,0
2024-01-13 10:00:00,北京-Demo,90.8,25.6,1007.0,2.91,NW,20.1,0,0
2024-01-13 11:00:00,北京-Demo,90.8,17.3,1009.2,0.58,SE,4.7,0,0
2024-01-13 12:00:00,北京-Demo,79.6,16.3,1005.5,2.69,cv,13.5,0,0
2024-01-13 13:00:00,北京-Demo,81.3,19.8,1005.7,6.09,NE,10.8,0,0
2024-01-13 14:00:00,北京-Demo,90.2,10.6,1010.3,5.56,SE,7.7,0,0
2024-01-13 15:00:00,北京-Demo,86.7,18.4,1010.2,2.3,NW,4.3,0,1
2024-01-13 16:00:00,北京-Demo,78.5,17.1,1009.6,4.98,NW,5.2,0,0
2024-01-13 17:00:00,北京-Demo,75.9,15.3,1008.6,3.55,SE,4.7,0,0
2024-01-13 18:00:00,北京-Demo,81.3,19.8,1003.7,2.91,cv,7.1,0,0
2024-01-13 19:00:00,北京-Demo,62.4,18.4,1008.4,3.98,NE,8.0,0,0
2024-01-13 20:00:00,北京-Demo,67.8,12.9,1009.6,1.86,NW,-1.7,0,0
2024-01-13 21:00:00,北京-Demo,58.6,16.4,1007.7,2.0,cv,5.1,0,0
2024-01-13 22:00:00,北京-Demo,56.0,9.6,1007.4,3.48,NE,-4.4,0,0
2024-01-13 23:00:00,北京-Demo,65.0,19.2,1011.9,2.5,NE,10.5,0,0
2024-01-14 00:00:00,北京-Demo,62.2,19.2,1009.0,5.46,NW,15.7,0,0
2024-01-14 01:00:00,北京-Demo,62.5,16.0,1010.1,4.37,SE,7.1,0,0
2024-01-14 02:00:00,北京-Demo,67.8,20.0,1010.9,4.35,NW,16.3,0,0
2024-01-14 03:00:00,北京-Demo,59.8,14.5,1007.5,3.75,NW,4.8,0,1
2024-01-14 04:00:00,北京-Demo,68.1,15.5,1010.0,2.88,NW,7.2,0,1
2024-01-14 05:00:00,北京-Demo,152.6,19.6,1012.4,4.28,cv,9.5,0,0
2024-01-14 06:00:00,北京-Demo,151.0,16.3,1013.5,5.15,SE,14.2,0,0
2024-01-14 07:00:00,北京-Demo,141.9,18.2,1010.1,3.32,cv,13.7,0,0
2024-01-14 08:00:00,北京-Demo,139.1,16.7,1009.7,1.22,NW,8.3,0,0
2024-01-14 09:00:00,北京-Demo,138.8,17.2,1010.9,2.54,SE,2.8,0,0
2024-01-14 10:00:00,北京-Demo,123.4,17.3,1011.0,0.6,NE,10.3,0,1
2024-01-14 11:00:00,北京-Demo,142.5,16.3,1013.4,5.92,SE,8.8,0,0
2024-01-14 12:00:00,北京-Demo,113.1,19.4,1008.8,4.29,NW,8.1,0,0
2024-01-14 13:00:00,北京-Demo,106.4,16.6,1010.4,1.21,SE,6.7,0,0
2024-01-14 14:00:00,北京-Demo,119.9,18.5,1008.9,1.46,NE,12.6,0,0
2024-01-14 15:00:00,北京-Demo,111.1,16.3,1009.3,6.1,NE,9.0,0,0
2024-01-14 16:00:00,北京-Demo,103.5,13.9,1012.3,1.38,SE,9.1,0,0
2024-01-14 17:00:00,北京-Demo,97.1,21.2,1013.3,0.57,NE,6.7,0,0
2024-01-14 18:00:00,北京-Demo,85.6,20.0,1010.6,0.86,cv,16.3,0,1
2024-01-14 19:00:00,北京-Demo,72.4,25.4,1013.6,1.98,SE,18.6,0,0
2024-01-14 20:00:00,北京-Demo,74.6,15.4,1014.5,1.72,NE,13.1,0,1
2024-01-14 21:00:00,北京-Demo,63.7,17.9,1016.3,1.84,NE,13.0,0,0
2024-01-14 22:00:00,北京-Demo,72.9,18.2,1012.8,4.16,SE,6.0,0,0
2024-01-14 23:00:00,北京-Demo,61.0,21.5,1011.5,1.56,cv,16.9,0,0
2024-01-15 00:00:00,北京-Demo,53.8,17.1,1011.0,3.41,SE,14.0,0,0
2024-01-15 01:00:00,北京-Demo,57.2,15.1,1011.0,0.88,NE,6.9,0,0
2024-01-15 02:00:00,北京-Demo,63.6,22.2,1015.9,5.72,SE,20.1,0,0
2024-01-15 03:00:00,北京-Demo,57.2,17.7,1010.5,0.97,NE,14.6,0,0
2024-01-15 04:00:00,北京-Demo,57.4,21.3,1016.2,2.56,NW,8.8,0,0
2024-01-15 05:00:00,北京-Demo,64.4,20.9,1012.2,2.26,SE,8.9,0,1
2024-01-15 06:00:00,北京-Demo,68.1,18.6,1012.7,3.22,SE,4.7,0,0
2024-01-15 07:00:00,北京-Demo,65.8,18.1,1014.0,4.44,NE,5.0,0,0
2024-01-15 08:00:00,北京-Demo,69.6,17.5,1013.1,1.76,NE,6.6,0,1
2024-01-15 09:00:00,北京-Demo,78.2,18.6,1016.5,4.52,NE,15.9,0,0
2024-01-15 10:00:00,北京-Demo,66.9,21.3,1018.5,5.46,NE,9.1,0,1
2024-01-15 11:00:00,北京-Demo,68.6,16.3,1013.7,2.13,SE,3.3,0,1
2024-01-15 12:00:00,北京-Demo,74.5,19.0,1014.3,7.88,NE,6.6,0,0
2024-01-15 13:00:00,北京-Demo,77.9,15.4,1015.0,3.22,SE,6.7,0,1
2024-01-15 14:00:00,北京-Demo,80.4,15.7,1016.6,1.91,cv,10.7,0,0
2024-01-15 15:00:00,北京-Demo,87.2,18.6,1015.4,2.68,SE,5.7,0,0
2024-01-15 16:00:00,北京-Demo,79.0,12.9,1018.6,7.88,NE,1.4,0,1
2024-01-15 17:00:00,北京-Demo,67.1,24.9,1018.3,3.31,NE,10.2,0,0
2024-01-15 18:00:00,北京-Demo,64.3,15.2,1013.7,3.31,cv,11.2,0,0
2024-01-15 19:00:00,北京-Demo,52.4,18.7,1017.3,3.53,SE,13.7,0,0
2024-01-15 20:00:00,北京-Demo,56.5,22.3,1019.4,4.79,cv,17.5,0,0
2024-01-15 21:00:00,北京-Demo,51.1,16.2,1015.5,3.27,SE,3.9,0,0
2024-01-15 22:00:00,北京-Demo,142.6,11.9,1016.1,3.87,NE,7.5,0,0
2024-01-15 23:00:00,北京-Demo,121.3,17.5,1015.7,2.64,SE,14.6,0,0
2024-01-16 00:00:00,北京-Demo,122.2,16.2,1015.9,2.88,NE,1.2,0,0
2024-01-16 01:00:00,北京-Demo,122.6,12.0,1013.7,4.97,NE,9.7,0,0
2024-01-16 02:00:00,北京-Demo,103.7,19.7,1014.5,1.34,NW,6.8,0,0
2024-01-16 03:00:00,北京-Demo,103.8,19.5,1017.4,2.55,NW,12.7,0,1
2024-01-16 04:00:00,北京-Demo,103.5,22.3,1020.4,2.02,SE,9.4,0,0
2024-01-16 05:00:00,北京-Demo,93.4,15.5,1016.2,0.68,NE,6.3,0,0
2024-01-16 06:00:00,北京-Demo,97.8,14.1,1016.2,0.77,cv,0.4,0,0
2024-01-16 07:00:00,北京-Demo,96.1,17.7,1021.0,2.53,NE,3.6,0,0
2024-01-16 08:00:00,北京-Demo,97.0,18.6,1015.4,5.13,cv,16.5,0,0
2024-01-16 09:00:00,北京-Demo,90.1,21.7,1014.4,2.94,SE,18.7,0,0
2024-01-16 10:00:00,北京-Demo,96.1,23.2,1016.1,1.56,SE,17.9,0,1
2024-01-16 11:00:00,北京-Demo,99.1,22.6,1016.5,6.31,cv,11.9,0,0
2024-01-16 12:00:00,北京-Demo,105.1,19.8,1014.4,1.83,cv,6.2,0,0
2024-01-16 13:00:00,北京-Demo,98.8,21.4,1017.7,1.03,NE,13.4,0,1
2024-01-16 14:00:00,北京-Demo,105.3,17.1,1019.8,7.97,SE,7.2,0,0
2024-01-16 15:00:00,北京-Demo,78.1,19.5,1015.4,2.67,NE,15.0,0,0
2024-01-16 16:00:00,北京-Demo,86.9,15.4,1018.2,7.25,cv,3.0,0,0
2024-01-16 17:00:00,北京-Demo,76.6,19.2,1018.8,2.49,NW,4.6,0,0
2024-01-16 18:00:00,北京-Demo,87.9,19.3,1017.8,2.54,NW,13.8,0,0
2024-01-16 19:00:00,北京-Demo,59.2,24.2,1018.4,0.64,NW,15.8,0,0
2024-01-16 20:00:00,北京-Demo,54.6,18.4,1018.4,1.79,cv,15.2,0,0
2024-01-16 21:00:00,北京-Demo,52.7,19.3,1016.3,3.55,NE,10.0,0,0
2024-01-16 22:00:00,北京-Demo,79.6,19.8,1020.9,4.06,SE,11.2,0,0
2024-01-16 23:00:00,北京-Demo,85.5,17.7,1020.4,2.8,cv,13.8,0,0
2024-01-17 00:00:00,北京-Demo,78.4,16.7,1020.3,1.98,NW,8.9,0,0
2024-01-17 01:00:00,北京-Demo,82.0,23.0,1019.9,2.57,NE,16.6,0,0
2024-01-17 02:00:00,北京-Demo,81.3,16.2,1014.6,0.98,SE,7.4,0,0
2024-01-17 03:00:00,北京-Demo,92.7,15.1,1019.6,6.51,SE,5.5,0,0
2024-01-17 04:00:00,北京-Demo,85.6,21.2,1019.0,4.41,cv,19.1,0,0
2024-01-17 05:00:00,北京-Demo,74.5,22.6,1014.5,2.3,cv,10.7,0,1
2024-01-17 06:00:00,北京-Demo,73.7,17.8,1017.1,1.72,SE,6.5,0,0
2024-01-17 07:00:00,北京-Demo,86.8,17.8,1018.0,8.3,SE,11.1,0,0
2024-01-17 08:00:00,北京-Demo,74.2,20.0,1020.7,1.5,NW,17.3,0,0
2024-01-17 09:00:00,北京-Demo,101.1,17.0,1018.7,2.11,SE,5.2,0,0
2024-01-17 10:00:00,北京-Demo,97.0,16.8,1015.4,6.69,cv,2.4,0,0
2024-01-17 11:00:00,北京-Demo,84.2,21.8,1020.4,3.01,NE,16.7,0,0
2024-01-17 12:00:00,北京-Demo,73.9,21.0,1017.0,0.49,NW,14.8,0,1
2024-01-17 13:00:00,北京-Demo,97.1,23.1,1016.3,3.1,NW,18.8,0,1
2024-01-17 14:00:00,北京-Demo,83.1,15.5,1016.0,1.56,SE,6.0,0,0
2024-01-17 15:00:00,北京-Demo,91.0,17.7,1013.3,0.63,NE,13.7,0,0
2024-01-17 16:00:00,北京-Demo,64.7,20.1,1016.2,1.63,NW,13.5,0,0
2024-01-17 17:00:00,北京-Demo,68.7,16.5,1017.3,0.95,cv,5.4,0,0
2024-01-17 18:00:00,北京-Demo,69.3,21.2,1015.3,1.26,SE,11.9,0,0
2024-01-17 19:00:00,北京-Demo,65.4,22.9,1016.8,2.98,cv,15.9,0,0
2024-01-17 20:00:00,北京-Demo,57.6,17.5,1014.1,0.71,SE,10.1,0,1
2024-01-17 21:00:00,北京-Demo,62.9,19.4,1015.4,4.74,NW,10.1,0,0
2024-01-17 22:00:00,北京-Demo,44.6,23.7,1016.1,1.96,SE,21.6,0,1
2024-01-17 23:00:00,北京-Demo,50.7,24.7,1015.7,1.35,NE,21.7,0,0
2024-01-18 00:00:00,北京-Demo,52.4,21.6,1012.0,1.94,cv,8.1,0,0
2024-01-18 01:00:00,北京-Demo,56.3,21.1,1014.1,0.96,NE,18.1,0,0
2024-01-18 02:00:00,北京-Demo,59.6,16.8,1018.2,0.96,cv,5.6,0,1
2024-01-18 03:00:00,北京-Demo,47.5,20.4,1013.7,1.83,cv,6.5,0,0
2024-01-18 04:00:00,北京-Demo,47.5,21.0,1014.5,3.1,SE,15.5,0,0
2024-01-18 05:00:00,北京-Demo,73.8,18.7,1014.1,3.56,NW,11.9,0,0
2024-01-18 06:00:00,北京-Demo,70.3,17.6,1017.2,1.7,NW,8.2,0,0
2024-01-18 07:00:00,北京-Demo,65.8,15.6,1016.5,2.13,NE,2.1,0,1
2024-01-18 08:00:00,北京-Demo,88.0,14.2,1015.4,2.95,SE,-0.0,0,0
2024-01-18 09:00:00,北京-Demo,79.8,13.6,1011.6,6.94,NW,2.0,0,0
2024-01-18 10:00:00,北京-Demo,90.9,21.2,1014.1,2.64,cv,18.0,0,0
2024-01-18 11:00:00,北京-Demo,83.7,19.9,1014.3,1.46,cv,9.2,0,0
2024-01-18 12:00:00,北京-Demo,100.4,18.0,1011.6,1.14,SE,10.7,0,1
2024-01-18 13:00:00,北京-Demo,97.6,18.5,1011.1,4.78,NE,10.3,0,0
2024-01-18 14:00:00,北京-Demo,80.3,20.1,1016.0,0.19,SE,17.5,0,0
2024-01-18 15:00:00,北京-Demo,87.9,19.0,1011.8,1.63,NE,14.5,0,0
2024-01-18 16:00:00,北京-Demo,82.4,15.5,1015.5,1.13,SE,3.2,0,0
2024-01-18 17:00:00,北京-Demo,84.8,22.2,1014.1,4.36,cv,14.3,0,0
2024-01-18 18:00:00,北京-Demo,62.4,20.4,1012.7,5.96,SE,14.5,0,0
2024-01-18 19:00:00,北京-Demo,71.9,20.3,1012.6,2.1,NW,13.3,0,1
2024-01-18 20:00:00,北京-Demo,71.5,22.0,1008.7,1.32,NW,8.9,0,0
2024-01-18 21:00:00,北京-Demo,46.1,17.1,1011.8,2.25,SE,5.4,0,0
2024-01-18 22:00:00,北京-Demo,48.5,23.2,1014.0,3.39,NE,17.7,0,0
2024-01-18 23:00:00,北京-Demo,40.3,19.1,1012.4,3.74,NE,15.6,0,1
2024-01-19 00:00:00,北京-Demo,54.2,22.2,1011.1,2.25,cv,17.0,0,0
2024-01-19 01:00:00,北京-Demo,62.8,21.8,1014.1,6.01,cv,7.8,0,1
2024-01-19 02:00:00,北京-Demo,70.7,16.5,1010.1,1.56,NE,6.9,0,1
2024-01-19 03:00:00,北京-Demo,61.9,21.1,1009.1,1.83,SE,12.2,0,0
2024-01-19 04:00:00,北京-Demo,77.6,20.6,1010.5,1.91,cv,10.8,0,0
2024-01-19 05:00:00,北京-Demo,57.3,19.7,1011.6,3.08,NE,13.0,0,1
2024-01-19 06:00:00,北京-Demo,58.8,19.4,1006.4,4.57,NE,6.9,0,0
2024-01-19 07:00:00,北京-Demo,76.0,19.4,1010.3,0.78,SE,10.6,0,0
2024-01-19 08:00:00,北京-Demo,83.3,22.1,1011.2,0.91,NW,18.6,0,0
2024-01-19 09:00:00,北京-Demo,83.2,21.4,1008.9,3.12,NE,17.7,0,0
2024-01-19 10:00:00,北京-Demo,69.5,19.8,1011.5,0.93,cv,10.8,0,1
2024-01-19 11:00:00,北京-Demo,86.9,15.2,1010.5,2.0,SE,1.0,0,1
2024-01-19 12:00:00,北京-Demo,77.9,21.2,1013.4,1.9,SE,15.2,0,0
2024-01-19 13:00:00,北京-Demo,93.3,21.9,1007.5,5.56,SE,8.6,0,0
2024-01-19 14:00:00,北京-Demo,89.5,26.6,1010.5,7.34,NW,14.7,0,0
2024-01-19 15:00:00,北京-Demo,76.8,23.0,1006.7,1.67,NW,17.7,0,0
2024-01-19 16:00:00,北京-Demo,77.2,14.0,1005.4,3.68,cv,11.6,0,0
2024-01-19 17:00:00,北京-Demo,69.3,20.0,1004.5,1.92,cv,16.7,0,0
2024-01-19 18:00:00,北京-Demo,73.5,25.2,1009.6,4.39,SE,13.7,0,0
2024-01-19 19:00:00,北京-Demo,77.9,21.6,1008.8,0.91,cv,17.0,0,0
2024-01-19 20:00:00,北京-Demo,58.8,20.8,1007.4,5.44,NE,13.9,0,0
2024-01-19 21:00:00,北京-Demo,67.7,22.5,1004.7,1.5,NW,14.0,0,0
2024-01-19 22:00:00,北京-Demo,57.1,17.9,1006.8,0.66,SE,6.5,0,0
2024-01-19 23:00:00,北京-Demo,53.6,21.2,1008.2,1.6,SE,17.8,0,0
2024-01-20 00:00:00,北京-Demo,58.7,19.1,1009.7,2.02,NE,11.8,0,0
2024-01-20 01:00:00,北京-Demo,51.8,19.8,1008.1,0.96,NE,11.5,0,0
2024-01-20 02:00:00,北京-Demo,57.2,22.3,1008.6,2.41,NE,13.3,0,0
2024-01-20 03:00:00,北京-Demo,54.5,17.1,1007.3,4.02,NE,4.4,0,0
2024-01-20 04:00:00,北京-Demo,82.9,23.7,1011.5,1.24,SE,19.5,0,0
2024-01-20 05:00:00,北京-Demo,71.1,18.6,1006.0,6.85,NW,6.1,0,0
2024-01-20 06:00:00,北京-Demo,69.2,20.7,1006.6,10.69,NW,9.7,0,0
2024-01-20 07:00:00,北京-Demo,80.4,15.7,1007.0,2.05,NE,6.5,0,0
2024-01-20 08:00:00,北京-Demo,81.4,22.1,1009.1,3.84,cv,11.0,0,0
2024-01-20 09:00:00,北京-Demo,83.6,24.3,1006.0,3.31,SE,16.9,0,0
2024-01-20 10:00:00,北京-Demo,92.7,18.4,1008.3,2.25,NW,14.6,0,0
2024-01-20 11:00:00,北京-Demo,95.3,16.6,1008.4,2.06,NE,5.9,0,0
2024-01-20 12:00:00,北京-Demo,85.5,20.8,1006.7,0.46,cv,12.0,0,0
2024-01-20 13:00:00,北京-Demo,84.6,24.3,1008.8,2.23,cv,14.0,0,0
2024-01-20 14:00:00,北京-Demo,85.5,15.6,1006.2,4.35,NE,9.2,0,1
2024-01-20 15:00:00,北京-Demo,66.9,16.7,1006.0,1.54,SE,2.9,0,0
2024-01-20 16:00:00,北京-Demo,70.0,18.6,1008.5,6.72,NW,9.0,0,0
2024-01-20 17:00:00,北京-Demo,89.4,17.5,1005.1,3.35,cv,14.4,0,0
2024-01-20 18:00:00,北京-Demo,87.7,17.6,1004.2,5.46,NW,9.7,0,0
2024-01-20 19:00:00,北京-Demo,68.6,13.7,1009.6,2.1,NW,1.9,0,0
2024-01-20 20:00:00,北京-Demo,71.5,21.8,1010.8,2.82,cv,9.5,0,0
2024-01-20 21:00:00,北京-Demo,66.2,21.0,1007.8,3.78,NE,12.6,0,0
2024-01-20 22:00:00,北京-Demo,85.9,14.9,1007.5,1.91,cv,1.3,0,0
2024-01-20 23:00:00,北京-Demo,68.6,24.4,1011.0,5.27,cv,18.9,0,1
2024-01-21 00:00:00,北京-Demo,58.0,25.1,1006.8,1.57,SE,17.8,0,2
2024-01-21 01:00:00,北京-Demo,51.8,17.8,1006.5,8.45,NW,4.1,0,0
2024-01-21 02:00:00,北京-Demo,48.0,23.6,1010.8,0.88,NE,9.9,0,0
2024-01-21 03:00:00,北京-Demo,64.7,18.4,1009.5,3.57,NW,7.5,0,0
2024-01-21 04:00:00,北京-Demo,60.1,20.6,1011.7,1.43,cv,7.5,0,0
2024-01-21 05:00:00,北京-Demo,58.2,17.6,1005.5,1.1,NE,14.5,0,0
2024-01-21 06:00:00,北京-Demo,68.2,26.8,1007.1,1.15,NE,13.5,0,0
2024-01-21 07:00:00,北京-Demo,68.5,19.2,1010.1,0.09,NE,13.1,0,0
2024-01-21 08:00:00,北京-Demo,94.1,20.5,1011.0,1.01,NE,16.2,0,0
2024-01-21 09:00:00,北京-Demo,90.6,18.1,1012.0,4.53,SE,13.0,0,0
2024-01-21 10:00:00,北京-Demo,85.8,25.7,1010.8,4.26,NE,18.3,0,0
2024-01-21 11:00:00,北京-Demo,99.0,25.8,1011.0,0.83,cv,20.6,0,0
2024-01-21 12:00:00,北京-Demo,88.2,25.1,1010.1,3.53,SE,18.9,0,0
2024-01-21 13:00:00,北京-Demo,80.0,23.1,1014.2,1.35,cv,19.3,0,0
2024-01-21 14:00:00,北京-Demo,97.4,18.3,1009.0,0.35,cv,12.5,0,0
2024-01-21 15:00:00,北京-Demo,87.0,22.7,1012.1,4.57,NW,13.3,0,0
2024-01-21 16:00:00,北京-Demo,71.1,20.2,1009.6,5.0,NE,12.5,0,0
2024-01-21 17:00:00,北京-Demo,74.1,24.2,1012.8,1.58,NE,17.7,0,0
2024-01-21 18:00:00,北京-Demo,64.6,23.6,1009.8,5.5,cv,11.9,0,0
2024-01-21 19:00:00,北京-Demo,56.5,18.3,1013.6,2.33,NE,4.7,0,0
2024-01-21 20:00:00,北京-Demo,71.2,23.1,1012.5,2.69,SE,11.3,0,1
2024-01-21 21:00:00,北京-Demo,75.8,22.3,1015.9,2.23,NW,16.0,0,0
2024-01-21 22:00:00,北京-Demo,46.8,12.0,1012.1,0.81,NE,0.3,0,0
2024-01-21 23:00:00,北京-Demo,60.8,22.7,1013.7,2.04,NE,18.7,0,0
2024-01-22 00:00:00,北京-Demo,50.4,19.0,1011.4,0.85,SE,15.3,0,0
2024-01-22 01:00:00,北京-Demo,52.1,17.7,1012.6,3.65,NW,11.2,0,0
2024-01-22 02:00:00,北京-Demo,52.5,17.8,1013.6,3.93,SE,5.3,0,1
2024-01-22 03:00:00,北京-Demo,52.6,19.9,1010.5,0.34,cv,14.7,0,0
2024-01-22 04:00:00,北京-Demo,62.8,21.8,1010.9,3.82,cv,19.0,0,0
2024-01-22 05:00:00,北京-Demo,59.3,16.3,1015.1,2.34,NE,12.5,0,0
2024-01-22 06:00:00,北京-Demo,71.8,20.9,1013.8,0.45,NW,7.8,0,1
2024-01-22 07:00:00,北京-Demo,72.9,22.1,1013.1,2.89,cv,11.9,0,0
2024-01-22 08:00:00,北京-Demo,74.9,26.0,1013.0,1.85,SE,20.7,0,0
2024-01-22 09:00:00,北京-Demo,72.5,17.2,1013.3,1.37,cv,7.9,0,1
2024-01-22 10:00:00,北京-Demo,77.4,19.4,1015.1,0.87,cv,10.5,0,0
2024-01-22 11:00:00,北京-Demo,89.4,21.2,1015.9,3.23,SE,10.7,0,0
2024-01-22 12:00:00,北京-Demo,87.7,23.9,1011.0,2.65,NE,18.8,0,0
2024-01-22 13:00:00,北京-Demo,75.2,19.5,1018.2,2.75,NW,6.3,0,1
2024-01-22 14:00:00,北京-Demo,82.2,24.0,1018.2,5.34,NE,18.0,0,0
2024-01-22 15:00:00,北京-Demo,84.9,14.6,1011.0,6.71,SE,3.6,0,0
2024-01-22 16:00:00,北京-Demo,62.3,16.7,1018.0,0.26,cv,14.5,0,0
2024-01-22 17:00:00,北京-Demo,76.2,21.5,1018.1,3.26,NW,14.7,0,0
2024-01-22 18:00:00,北京-Demo,62.6,16.3,1016.1,1.62,NE,9.7,0,1
2024-01-22 19:00:00,北京-Demo,68.4,17.0,1013.7,3.62,SE,7.9,0,1
2024-01-22 20:00:00,北京-Demo,54.0,18.9,1018.4,1.3,cv,16.0,0,0
2024-01-22 21:00:00,北京-Demo,42.5,22.8,1016.1,8.42,cv,10.6,0,0
2024-01-22 22:00:00,北京-Demo,41.4,14.8,1017.8,3.73,NE,10.0,0,0
2024-01-22 23:00:00,北京-Demo,53.2,21.0,1021.2,2.14,SE,10.2,0,1
2024-01-23 00:00:00,北京-Demo,54.3,23.6,1017.4,5.56,cv,11.2,0,0
2024-01-23 01:00:00,北京-Demo,45.4,20.0,1015.2,1.18,cv,10.7,0,0
2024-01-23 02:00:00,北京-Demo,59.1,19.5,1016.5,3.84,NW,7.8,0,0
2024-01-23 03:00:00,北京-Demo,43.0,21.8,1015.7,2.08,cv,11.2,0,1
2024-01-23 04:00:00,北京-Demo,58.8,20.0,1018.2,2.3,NE,13.4,0,0
2024-01-23 05:00:00,北京-Demo,53.2,24.8,1015.8,10.58,SE,12.3,0,0
2024-01-23 06:00:00,北京-Demo,61.5,17.3,1016.6,3.3,SE,11.4,0,0
2024-01-23 07:00:00,北京-Demo,70.9,20.5,1015.0,1.3,NW,11.0,0,0
2024-01-23 08:00:00,北京-Demo,67.2,21.2,1017.4,2.26,SE,9.6,0,0
2024-01-23 09:00:00,北京-Demo,74.1,19.5,1018.1,1.36,NE,12.6,0,0
2024-01-23 10:00:00,北京-Demo,87.6,12.0,1012.4,1.5,cv,6.1,0,0
2024-01-23 11:00:00,北京-Demo,76.4,20.2,1018.3,2.74,NW,12.2,0,0
2024-01-23 12:00:00,北京-Demo,88.1,23.4,1017.8,1.41,SE,10.7,0,1
2024-01-23 13:00:00,北京-Demo,71.9,23.0,1016.4,5.54,NW,8.9,0,0
2024-01-23 14:00:00,北京-Demo,83.7,21.7,1022.0,2.11,NW,12.7,0,0
2024-01-23 15:00:00,北京-Demo,88.6,17.4,1019.9,2.38,SE,6.8,0,0
2024-01-23 16:00:00,北京-Demo,54.2,21.9,1015.8,1.58,NW,8.1,0,0
2024-01-23 17:00:00,北京-Demo,63.9,19.0,1019.7,0.79,SE,15.7,0,0
2024-01-23 18:00:00,北京-Demo,71.1,21.8,1020.5,0.9,NE,16.8,0,0
2024-01-23 19:00:00,北京-Demo,61.0,21.1,1018.3,2.95,SE,9.9,0,0
2024-01-23 20:00:00,北京-Demo,62.0,17.8,1018.7,1.92,cv,5.1,0,0
2024-01-23 21:00:00,北京-Demo,51.1,18.1,1018.6,3.08,SE,4.9,0,0
2024-01-23 22:00:00,北京-Demo,54.3,21.8,1013.8,5.03,cv,14.4,0,0
2024-01-23 23:00:00,北京-Demo,50.9,20.1,1017.5,1.34,NW,17.0,0,0
2024-01-24 00:00:00,北京-Demo,157.8,18.3,1017.4,9.4,SE,10.6,0,0
2024-01-24 01:00:00,北京-Demo,139.7,18.0,1020.7,1.06,cv,13.0,0,0
2024-01-24 02:00:00,北京-Demo,131.9,19.9,1018.4,0.86,SE,14.1,0,0
2024-01-24 03:00:00,北京-Demo,119.5,25.5,1017.1,4.6,SE,13.5,0,0
2024-01-24 04:00:00,北京-Demo,114.3,19.2,1017.5,2.44,SE,16.3,0,1
2024-01-24 05:00:00,北京-Demo,111.5,20.8,1019.6,1.29,NE,8.0,0,0
2024-01-24 06:00:00,北京-Demo,116.0,21.1,1017.1,0.79,cv,13.6,0,0
2024-01-24 07:00:00,北京-Demo,108.1,17.5,1016.0,1.09,NE,7.7,0,0
2024-01-24 08:00:00,北京-Demo,112.8,15.6,1016.8,2.57,NE,12.4,0,0
2024-01-24 09:00:00,北京-Demo,126.1,17.8,1019.1,6.2,cv,11.4,0,0
2024-01-24 10:00:00,北京-Demo,115.3,21.6,1018.1,0.48,SE,18.5,0,0
2024-01-24 11:00:00,北京-Demo,104.1,21.2,1017.1,2.75,NE,6.7,0,1
2024-01-24 12:00:00,北京-Demo,114.1,23.0,1017.3,4.14,NE,10.5,0,0
2024-01-24 13:00:00,北京-Demo,98.3,21.2,1015.7,1.65,NE,13.2,0,1
2024-01-24 14:00:00,北京-Demo,81.7,20.6,1016.3,6.41,SE,15.7,0,0
2024-01-24 15:00:00,北京-Demo,85.7,19.1,1015.2,3.02,NE,5.0,0,0
2024-01-24 16:00:00,北京-Demo,74.1,23.6,1015.8,4.42,NW,17.1,0,0
2024-01-24 17:00:00,北京-Demo,81.3,18.2,1019.0,4.29,cv,14.1,0,0
2024-01-24 18:00:00,北京-Demo,79.2,17.6,1014.0,5.38,NW,8.3,0,0
2024-01-24 19:00:00,北京-Demo,87.5,22.7,1014.6,2.2,SE,8.4,0,0
2024-01-24 20:00:00,北京-Demo,72.2,17.0,1013.3,7.13,NE,14.9,0,0
2024-01-24 21:00:00,北京-Demo,64.0,28.2,1012.7,2.32,cv,23.1,0,0
2024-01-24 22:00:00,北京-Demo,69.3,21.2,1015.1,2.05,NE,7.0,0,0
2024-01-24 23:00:00,北京-Demo,43.0,22.1,1014.1,1.98,SE,17.8,0,0
2024-01-25 00:00:00,北京-Demo,56.8,18.6,1018.7,1.86,cv,15.1,0,1
2024-01-25 01:00:00,北京-Demo,61.7,20.1,1014.4,1.86,NW,10.7,0,0
2024-01-25 02:00:00,北京-Demo,45.4,19.8,1017.4,2.6,cv,6.6,0,0
2024-01-25 03:00:00,北京-Demo,69.0,19.4,1016.6,2.66,NE,11.2,0,0
2024-01-25 04:00:00,北京-Demo,65.9,23.0,1014.1,2.63,cv,8.0,0,0
2024-01-25 05:00:00,北京-Demo,63.6,19.7,1018.5,2.12,SE,8.9,0,0
2024-01-25 06:00:00,北京-Demo,76.1,24.1,1014.6,4.28,SE,21.2,0,2
2024-01-25 07:00:00,北京-Demo,93.3,29.1,1017.0,2.84,cv,14.2,0,1
2024-01-25 08:00:00,北京-Demo,80.4,20.2,1016.5,3.4,SE,12.9,0,0
2024-01-25 09:00:00,北京-Demo,84.3,21.6,1014.4,1.12,SE,15.8,0,1
2024-01-25 10:00:00,北京-Demo,81.2,22.3,1014.9,0.8,SE,13.0,0,1
2024-01-25 11:00:00,北京-Demo,79.8,26.6,1014.4,3.98,NW,20.6,0,0
2024-01-25 12:00:00,北京-Demo,93.9,20.9,1010.7,4.42,NE,17.8,0,0
2024-01-25 13:00:00,北京-Demo,80.1,18.7,1012.9,1.04,SE,16.6,0,1
2024-01-25 14:00:00,北京-Demo,86.3,17.4,1014.8,0.93,cv,9.5,0,0
2024-01-25 15:00:00,北京-Demo,79.7,21.0,1015.5,5.66,SE,8.1,0,0
2024-01-25 16:00:00,北京-Demo,84.4,19.8,1010.8,1.66,NW,10.4,0,0
2024-01-25 17:00:00,北京-Demo,79.9,27.2,1013.1,1.41,cv,12.2,0,0
2024-01-25 18:00:00,北京-Demo,81.8,26.5,1012.2,0.92,NE,20.8,0,0
2024-01-25 19:00:00,北京-Demo,65.7,18.1,1011.5,0.93,cv,12.5,0,0
2024-01-25 20:00:00,北京-Demo,64.3,19.1,1012.2,9.25,cv,15.0,0,0
2024-01-25 21:00:00,北京-Demo,55.7,21.4,1011.8,2.23,cv,17.3,0,0
2024-01-25 22:00:00,北京-Demo,57.8,25.4,1012.3,1.93,cv,19.7,0,0
2024-01-25 23:00:00,北京-Demo,63.0,21.4,1013.9,0.86,SE,9.1,0,0
2024-01-26 00:00:00,北京-Demo,65.7,19.3,1012.4,0.45,NE,5.5,0,0
2024-01-26 01:00:00,北京-Demo,53.0,21.1,1011.3,7.39,SE,6.4,0,1
2024-01-26 02:00:00,北京-Demo,69.0,19.4,1014.2,4.98,NW,14.4,0,0
2024-01-26 03:00:00,北京-Demo,75.5,23.1,1012.6,2.77,NW,9.6,0,0
2024-01-26 04:00:00,北京-Demo,71.2,19.2,1010.0,1.99,cv,12.9,0,0
2024-01-26 05:00:00,北京-Demo,86.7,19.8,1007.6,2.7,SE,16.3,0,0
2024-01-26 06:00:00,北京-Demo,69.6,24.8,1007.9,2.63,SE,11.5,0,0
2024-01-26 07:00:00,北京-Demo,69.8,19.0,1011.6,6.09,NE,8.8,0,0
2024-01-26 08:00:00,北京-Demo,69.3,17.0,1008.3,3.28,NE,12.9,0,0
2024-01-26 09:00:00,北京-Demo,98.8,21.6,1007.4,1.63,NE,14.0,0,0
2024-01-26 10:00:00,北京-Demo,94.6,20.3,1007.8,1.29,SE,14.5,0,0
2024-01-26 11:00:00,北京-Demo,90.6,22.9,1007.8,2.43,NE,11.3,0,0
2024-01-26 12:00:00,北京-Demo,93.9,22.3,1010.8,2.05,NE,14.4,0,0
2024-01-26 13:00:00,北京-Demo,82.3,21.3,1008.7,3.17,NE,6.4,0,0
2024-01-26 14:00:00,北京-Demo,109.5,21.2,1006.1,0.35,cv,18.5,0,1
2024-01-26 15:00:00,北京-Demo,88.7,19.2,1008.8,2.72,NW,12.6,0,0
2024-01-26 16:00:00,北京-Demo,85.5,21.7,1009.1,1.07,NW,13.4,0,0
2024-01-26 17:00:00,北京-Demo,87.0,24.1,1007.6,1.5,SE,15.5,0,1
2024-01-26 18:00:00,北京-Demo,81.2,18.5,1010.8,2.22,SE,12.4,0,0
2024-01-26 19:00:00,北京-Demo,75.4,21.4,1007.6,6.71,cv,9.9,0,0
2024-01-26 20:00:00,北京-Demo,63.7,24.6,1010.6,3.5,NW,11.2,0,1
2024-01-26 21:00:00,北京-Demo,70.8,23.0,1009.5,2.18,NE,8.8,0,1
2024-01-26 22:00:00,北京-Demo,79.8,25.4,1010.1,0.71,NE,12.9,0,0
2024-01-26 23:00:00,北京-Demo,74.1,19.8,1006.0,2.38,SE,6.7,0,0
2024-01-27 00:00:00,北京-Demo,75.6,16.0,1008.3,1.05,NW,6.8,0,0
2024-01-27 01:00:00,北京-Demo,59.3,22.1,1008.0,4.93,SE,9.4,0,1
2024-01-27 02:00:00,北京-Demo,57.1,22.6,1005.2,2.32,SE,16.7,0,0
2024-01-27 03:00:00,北京-Demo,66.4,25.6,1010.2,0.91,NE,18.4,0,0
2024-01-27 04:00:00,北京-Demo,71.0,25.1,1006.4,2.2,NE,19.0,0,0
2024-01-27 05:00:00,北京-Demo,82.9,23.2,1006.8,4.79,NW,15.1,0,0
2024-01-27 06:00:00,北京-Demo,64.6,23.8,1006.0,4.66,SE,18.1,0,0
2024-01-27 07:00:00,北京-Demo,94.2,21.0,1009.4,2.04,cv,6.5,0,0
2024-01-27 08:00:00,北京-Demo,84.4,17.9,1005.0,4.05,NW,11.8,0,0
2024-01-27 09:00:00,北京-Demo,85.3,21.9,1009.3,2.87,SE,18.7,0,0
2024-01-27 10:00:00,北京-Demo,83.0,24.5,1010.1,1.85,NW,15.7,0,0
2024-01-27 11:00:00,北京-Demo,79.4,23.6,1009.2,0.47,NW,20.8,0,0
2024-01-27 12:00:00,北京-Demo,99.7,24.1,1009.6,3.86,NW,20.7,0,0
2024-01-27 13:00:00,北京-Demo,93.1,20.3,1009.7,1.26,cv,15.5,0,0
2024-01-27 14:00:00,北京-Demo,80.7,20.8,1006.3,2.8,cv,12.8,0,0
2024-01-27 15:00:00,北京-Demo,78.2,23.1,1011.2,0.44,NE,15.5,0,0
2024-01-27 16:00:00,北京-Demo,82.8,20.0,1007.4,2.65,NE,7.6,0,0
2024-01-27 17:00:00,北京-Demo,95.1,20.1,1008.3,2.2,SE,8.5,0,1
2024-01-27 18:00:00,北京-Demo,75.8,22.6,1007.8,3.43,NW,15.0,0,1
2024-01-27 19:00:00,北京-Demo,61.9,24.0,1009.6,1.93,SE,17.6,0,1
2024-01-27 20:00:00,北京-Demo,68.2,21.1,1007.6,2.55,NE,15.0,0,1
2024-01-27 21:00:00,北京-Demo,64.8,18.2,1008.9,4.69,cv,6.1,0,0
2024-01-27 22:00:00,北京-Demo,43.0,19.5,1006.4,8.67,NE,16.8,0,1
2024-01-27 23:00:00,北京-Demo,62.5,22.3,1011.3,10.03,SE,20.2,0,0
2024-01-28 00:00:00,北京-Demo,60.5,22.3,1010.4,11.2,NE,10.0,0,1
2024-01-28 01:00:00,北京-Demo,68.3,22.5,1008.6,2.42,SE,14.3,0,0
2024-01-28 02:00:00,北京-Demo,79.0,23.3,1008.4,2.8,SE,19.6,0,0
2024-01-28 03:00:00,北京-Demo,75.4,21.8,1010.8,8.42,SE,16.7,0,1
2024-01-28 04:00:00,北京-Demo,67.3,22.6,1008.2,5.91,SE,8.4,0,0
2024-01-28 05:00:00,北京-Demo,64.1,21.6,1010.0,1.5,NE,8.5,0,0
2024-01-28 06:00:00,北京-Demo,97.3,25.2,1012.2,1.19,SE,14.0,0,0
2024-01-28 07:00:00,北京-Demo,80.9,26.1,1008.4,0.33,SE,17.8,0,0
2024-01-28 08:00:00,北京-Demo,84.0,18.2,1010.9,3.25,NW,9.5,0,2
2024-01-28 09:00:00,北京-Demo,86.7,21.0,1011.0,6.19,SE,6.4,0,0
2024-01-28 10:00:00,北京-Demo,90.7,21.9,1010.3,1.3,NE,7.4,0,0
2024-01-28 11:00:00,北京-Demo,89.3,21.0,1009.7,1.35,SE,16.2,0,0
2024-01-28 12:00:00,北京-Demo,86.3,27.2,1013.3,3.83,cv,14.7,0,0
2024-01-28 13:00:00,北京-Demo,85.8,22.5,1009.8,5.16,cv,18.0,0,1
2024-01-28 14:00:00,北京-Demo,88.3,19.4,1007.5,2.91,SE,14.7,0,0
2024-01-28 15:00:00,北京-Demo,81.6,23.7,1012.6,1.3,cv,12.9,0,0
2024-01-28 16:00:00,北京-Demo,77.0,22.7,1009.1,2.07,cv,15.4,0,0
2024-01-28 17:00:00,北京-Demo,79.8,22.8,1013.1,1.83,NE,8.7,0,0
2024-01-28 18:00:00,北京-Demo,72.9,27.3,1014.6,3.71,NW,24.2,0,0
2024-01-28 19:00:00,北京-Demo,82.9,23.0,1013.3,1.31,cv,14.3,0,2
2024-01-28 20:00:00,北京-Demo,45.9,21.0,1014.4,0.78,cv,7.1,0,1
2024-01-28 21:00:00,北京-Demo,72.5,16.1,1016.5,0.34,NW,2.3,0,0
2024-01-28 22:00:00,北京-Demo,71.2,21.4,1014.6,1.51,NW,17.4,0,0
2024-01-28 23:00:00,北京-Demo,43.0,25.9,1013.5,4.8,cv,19.1,0,0
2024-01-29 00:00:00,北京-Demo,56.2,21.7,1016.3,1.13,SE,11.6,0,1
2024-01-29 01:00:00,北京-Demo,56.3,15.2,1016.7,0.52,cv,11.2,0,0
2024-01-29 02:00:00,北京-Demo,49.3,20.5,1016.9,0.8,SE,5.9,0,0
2024-01-29 03:00:00,北京-Demo,56.6,25.0,1012.6,1.01,SE,11.1,0,0
2024-01-29 04:00:00,北京-Demo,56.9,23.6,1011.0,1.53,SE,19.5,0,0
2024-01-29 05:00:00,北京-Demo,83.2,19.5,1012.8,0.72,NW,15.9,0,0
2024-01-29 06:00:00,北京-Demo,80.4,20.3,1015.5,4.33,cv,17.2,0,0
2024-01-29 07:00:00,北京-Demo,86.8,20.8,1014.6,0.91,cv,7.0,0,0
2024-01-29 08:00:00,北京-Demo,85.9,20.0,1014.1,3.04,NE,15.5,0,0
2024-01-29 09:00:00,北京-Demo,74.0,15.9,1015.8,1.5,NW,8.5,0,0
2024-01-29 10:00:00,北京-Demo,81.1,24.3,1011.9,1.22,NE,16.5,0,0
2024-01-29 11:00:00,北京-Demo,90.5,25.8,1015.3,4.07,NE,16.0,0,0
2024-01-29 12:00:00,北京-Demo,77.2,17.5,1017.4,2.24,SE,14.6,0,1
2024-01-29 13:00:00,北京-Demo,92.0,25.8,1016.4,5.64,NW,20.9,0,0
2024-01-29 14:00:00,北京-Demo,82.7,21.8,1016.9,1.56,NE,7.7,0,0
2024-01-29 15:00:00,北京-Demo,79.1,25.8,1018.9,0.9,cv,12.0,0,0
2024-01-29 16:00:00,北京-Demo,84.6,22.2,1015.7,1.83,NE,10.1,0,0
2024-01-29 17:00:00,北京-Demo,78.7,22.5,1014.7,1.4,NW,20.3,0,0
2024-01-29 18:00:00,北京-Demo,68.2,23.2,1018.5,7.25,cv,17.0,0,0
2024-01-29 19:00:00,北京-Demo,76.4,19.8,1018.6,1.35,cv,9.6,0,0
2024-01-29 20:00:00,北京-Demo,54.7,25.7,1017.5,3.11,cv,20.1,0,0
2024-01-29 21:00:00,北京-Demo,65.1,18.8,1016.2,2.37,SE,5.0,0,0
2024-01-29 22:00:00,北京-Demo,62.4,21.0,1016.7,0.88,cv,10.7,0,0
2024-01-29 23:00:00,北京-Demo,53.6,23.7,1014.2,1.14,SE,20.8,0,0
2024-01-30 00:00:00,北京-Demo,58.1,20.7,1019.1,2.7,SE,6.8,0,0
2024-01-30 01:00:00,北京-Demo,45.9,24.5,1019.2,2.71,NE,10.1,0,0
2024-01-30 02:00:00,北京-Demo,64.7,26.3,1014.5,1.81,NE,23.3,0,0
2024-01-30 03:00:00,北京-Demo,58.1,25.2,1019.0,2.19,cv,16.3,0,0
2024-01-30 04:00:00,北京-Demo,58.4,16.4,1018.1,0.43,NW,10.5,0,0
2024-01-30 05:00:00,北京-Demo,74.5,22.6,1015.4,1.11,cv,15.5,0,0
2024-01-30 06:00:00,北京-Demo,64.3,25.3,1015.1,4.79,NE,21.0,0,0
2024-01-30 07:00:00,北京-Demo,62.5,18.3,1018.3,1.52,cv,8.8,0,0
2024-01-30 08:00:00,北京-Demo,64.9,24.4,1016.9,4.77,NE,10.0,0,0
2024-01-30 09:00:00,北京-Demo,85.3,24.3,1021.4,5.28,cv,15.7,0,0
2024-01-30 10:00:00,北京-Demo,72.5,18.6,1019.7,5.24,NW,15.6,0,0
2024-01-30 11:00:00,北京-Demo,98.3,24.8,1018.8,7.07,cv,14.7,0,0
2024-01-30 12:00:00,北京-Demo,68.1,23.1,1018.9,3.41,NW,16.7,0,0
2024-01-30 13:00:00,北京-Demo,97.8,24.3,1020.6,6.89,NW,11.1,0,0
2024-01-30 14:00:00,北京-Demo,84.4,19.4,1019.6,4.56,cv,11.8,0,0
2024-01-30 15:00:00,北京-Demo,79.5,22.8,1019.0,0.38,NW,18.3,0,0
2024-01-30 16:00:00,北京-Demo,72.8,17.2,1016.0,3.18,NW,12.7,0,0
2024-01-30 17:00:00,北京-Demo,76.8,15.5,1024.1,10.02,NE,3.5,0,0
2024-01-30 18:00:00,北京-Demo,69.4,22.8,1015.8,0.3,NE,17.3,0,0
2024-01-30 19:00:00,北京-Demo,74.7,25.7,1017.4,2.34,NW,13.7,0,0
2024-01-30 20:00:00,北京-Demo,63.2,23.1,1014.7,0.87,SE,18.5,0,0
2024-01-30 21:00:00,北京-Demo,60.4,22.2,1019.0,1.19,cv,16.0,0,0
2024-01-30 22:00:00,北京-Demo,53.9,21.8,1018.2,1.5,NW,13.8,0,0
2024-01-30 23:00:00,北京-Demo,54.9,19.6,1019.4,3.17,cv,5.3,0,1
2024-01-31 00:00:00,北京-Demo,57.4,21.7,1014.4,1.79,NE,7.6,0,0
2024-01-31 01:00:00,北京-Demo,41.8,23.7,1020.1,3.09,cv,19.0,0,1
2024-01-31 02:00:00,北京-Demo,46.3,21.1,1016.2,8.1,NW,14.5,0,0
2024-01-31 03:00:00,北京-Demo,65.5,24.7,1017.4,4.93,NW,20.7,0,1
2024-01-31 04:00:00,北京-Demo,64.1,23.0,1019.5,2.69,NW,14.4,0,0
2024-01-31 05:00:00,北京-Demo,65.0,23.4,1018.1,1.92,NW,15.4,0,0
2024-01-31 06:00:00,北京-Demo,70.6,25.1,1018.2,3.35,SE,11.4,0,0
2024-01-31 07:00:00,北京-Demo,77.2,20.9,1019.0,0.38,SE,6.8,0,0
2024-01-31 08:00:00,北京-Demo,73.8,24.5,1018.2,1.65,SE,17.5,0,0
2024-01-31 09:00:00,北京-Demo,75.1,21.3,1016.6,3.45,NW,12.9,0,2
2024-01-31 10:00:00,北京-Demo,85.4,23.5,1016.8,2.66,SE,9.9,0,0
2024-01-31 11:00:00,北京-Demo,77.7,20.6,1017.4,5.15,cv,8.1,0,1
2024-01-31 12:00:00,北京-Demo,89.4,19.8,1015.1,4.65,NW,17.7,0,0
2024-01-31 13:00:00,北京-Demo,72.1,22.8,1018.8,3.27,NE,16.6,0,0
2024-01-31 14:00:00,北京-Demo,92.6,16.9,1017.2,1.79,NW,9.4,0,1
2024-01-31 15:00:00,北京-Demo,85.9,21.7,1016.7,1.49,cv,16.7,0,0
2024-01-31 16:00:00,北京-Demo,81.3,17.7,1018.8,5.36,SE,13.1,0,0
2024-01-31 17:00:00,北京-Demo,83.6,24.9,1016.0,3.29,NW,22.4,0,0
2024-01-31 18:00:00,北京-Demo,85.4,25.7,1015.8,1.13,SE,15.4,0,0
2024-01-31 19:00:00,北京-Demo,76.4,20.0,1015.0,4.82,NW,14.6,0,0
2024-01-31 20:00:00,北京-Demo,50.1,23.9,1016.5,3.17,cv,21.2,0,0
2024-01-31 21:00:00,北京-Demo,51.7,25.3,1016.3,2.19,NW,20.3,0,0
2024-01-31 22:00:00,北京-Demo,54.7,25.3,1014.2,4.29,SE,12.9,0,0
2024-01-31 23:00:00,北京-Demo,58.6,23.3,1015.0,3.63,SE,10.2,0,0
2024-02-01 00:00:00,北京-Demo,62.2,24.8,1013.9,6.06,cv,16.6,0,0
2024-02-01 01:00:00,北京-Demo,53.0,20.7,1013.6,6.03,NW,13.3,0,0
2024-02-01 02:00:00,北京-Demo,62.0,22.9,1011.4,1.59,NE,8.2,0,0
2024-02-01 03:00:00,北京-Demo,57.0,21.3,1014.2,2.36,NW,16.6,0,0
2024-02-01 04:00:00,北京-Demo,61.5,20.5,1011.1,1.85,cv,15.7,0,0
2024-02-01 05:00:00,北京-Demo,58.9,22.8,1013.4,8.06,NE,17.0,0,0
2024-02-01 06:00:00,北京-Demo,66.9,23.7,1012.9,4.33,cv,19.5,0,0
2024-02-01 07:00:00,北京-Demo,67.5,26.2,1016.0,2.39,NW,19.3,0,0
2024-02-01 08:00:00,北京-Demo,74.4,23.5,1011.7,1.31,NE,9.7,0,1
2024-02-01 09:00:00,北京-Demo,93.9,24.6,1012.0,2.59,cv,14.6,0,0
2024-02-01 10:00:00,北京-Demo,80.5,24.7,1012.6,0.2,SE,17.3,0,0
2024-02-01 11:00:00,北京-Demo,110.8,30.8,1012.0,1.91,NE,16.6,0,1
2024-02-01 12:00:00,北京-Demo,94.4,17.3,1015.7,1.03,NE,14.7,0,0
2024-02-01 13:00:00,北京-Demo,91.7,20.7,1010.5,4.74,cv,16.0,0,0
2024-02-01 14:00:00,北京-Demo,82.0,27.2,1011.9,1.93,SE,17.8,0,0
2024-02-01 15:00:00,北京-Demo,92.3,21.7,1013.1,2.72,NE,11.7,0,0
2024-02-01 16:00:00,北京-Demo,79.2,25.4,1014.0,2.26,cv,22.9,0,0
2024-02-01 17:00:00,北京-Demo,81.4,23.5,1011.3,4.88,NE,16.2,0,0
2024-02-01 18:00:00,北京-Demo,97.2,29.1,1008.1,4.97,NE,18.7,0,0
2024-02-01 19:00:00,北京-Demo,72.3,19.5,1011.4,3.67,NE,8.4,0,0
2024-02-01 20:00:00,北京-Demo,78.8,26.5,1014.2,3.15,SE,16.2,0,0
2024-02-01 21:00:00,北京-Demo,61.1,28.1,1011.9,0.52,NW,21.9,0,0
2024-02-01 22:00:00,北京-Demo,64.2,19.8,1011.6,2.11,NW,16.6,0,1
2024-02-01 23:00:00,北京-Demo,77.4,25.2,1008.9,5.55,SE,17.6,0,0
2024-02-02 00:00:00,北京-Demo,57.9,20.0,1008.5,2.91,SE,16.3,0,0
2024-02-02 01:00:00,北京-Demo,78.1,23.0,1010.7,1.93,cv,8.6,0,0
2024-02-02 02:00:00,北京-Demo,70.9,22.1,1007.6,1.66,NE,13.9,0,1
2024-02-02 03:00:00,北京-Demo,63.3,15.7,1011.9,1.67,SE,9.5,0,0
2024-02-02 04:00:00,北京-Demo,76.2,24.2,1008.5,2.69,cv,12.2,0,1
2024-02-02 05:00:00,北京-Demo,82.7,23.3,1010.0,1.52,NW,14.9,0,1
2024-02-02 06:00:00,北京-Demo,83.9,27.3,1006.1,5.28,NW,21.3,0,1
2024-02-02 07:00:00,北京-Demo,70.4,24.7,1009.0,0.44,NW,12.2,0,0
2024-02-02 08:00:00,北京-Demo,80.9,29.8,1007.2,4.24,NW,16.5,0,1
2024-02-02 09:00:00,北京-Demo,88.0,23.3,1004.8,6.3,cv,12.5,0,0
2024-02-02 10:00:00,北京-Demo,91.9,22.6,1010.4,0.96,NE,20.0,0,0
2024-02-02 11:00:00,北京-Demo,99.1,22.4,1012.5,3.93,cv,13.0,0,1
2024-02-02 12:00:00,北京-Demo,96.3,21.6,1011.3,3.32,NE,9.7,0,1
2024-02-02 13:00:00,北京-Demo,83.8,16.3,1010.3,1.24,NW,12.6,0,0
2024-02-02 14:00:00,北京-Demo,96.1,22.3,1008.0,0.87,SE,17.3,0,1
2024-02-02 15:00:00,北京-Demo,95.7,16.8,1010.4,3.51,SE,3.3,0,0
2024-02-02 16:00:00,北京-Demo,92.3,24.4,1011.1,8.14,SE,22.1,0,0
2024-02-02 17:00:00,北京-Demo,93.0,19.3,1008.9,5.76,NE,7.5,0,0
2024-02-02 18:00:00,北京-Demo,87.2,20.3,1006.1,3.95,NW,12.2,0,0
2024-02-02 19:00:00,北京-Demo,80.4,21.0,1007.4,3.48,cv,13.2,0,0
2024-02-02 20:00:00,北京-Demo,72.7,22.4,1011.8,2.91,SE,20.3,0,0
2024-02-02 21:00:00,北京-Demo,56.9,23.1,1008.1,2.35,NE,10.4,0,0
2024-02-02 22:00:00,北京-Demo,71.3,26.3,1001.6,3.65,SE,19.6,0,0
2024-02-02 23:00:00,北京-Demo,68.1,21.3,1005.2,1.23,cv,12.3,0,0
2024-02-03 00:00:00,北京-Demo,68.2,24.5,1007.3,4.57,NW,13.7,0,0
2024-02-03 01:00:00,北京-Demo,56.4,31.3,1010.2,2.48,cv,20.1,0,1
2024-02-03 02:00:00,北京-Demo,59.5,24.2,1007.5,2.51,NW,9.8,0,0
2024-02-03 03:00:00,北京-Demo,79.0,22.6,1010.1,7.14,NW,13.6,0,0
2024-02-03 04:00:00,北京-Demo,73.4,20.8,1007.0,0.79,NW,13.6,0,0
2024-02-03 05:00:00,北京-Demo,82.8,22.5,1004.1,4.05,SE,8.1,0,1
2024-02-03 06:00:00,北京-Demo,81.5,20.5,1007.0,6.55,cv,10.1,0,0
2024-02-03 07:00:00,北京-Demo,85.4,23.9,1008.7,3.7,SE,18.1,0,0
2024-02-03 08:00:00,北京-Demo,96.3,23.5,1008.5,2.97,cv,19.8,0,0
2024-02-03 09:00:00,北京-Demo,87.7,16.7,1005.5,2.41,NE,3.7,0,0
2024-02-03 10:00:00,北京-Demo,95.0,23.1,1007.4,4.59,NE,16.4,0,0
2024-02-03 11:00:00,北京-Demo,92.0,26.4,1013.5,3.59,cv,15.8,0,1
2024-02-03 12:00:00,北京-Demo,92.8,22.0,1005.7,1.97,cv,13.9,0,0
2024-02-03 13:00:00,北京-Demo,93.2,21.2,1009.5,2.41,cv,16.6,0,0
2024-02-03 14:00:00,北京-Demo,95.9,19.1,1004.0,3.57,cv,9.2,0,0
2024-02-03 15:00:00,北京-Demo,87.9,17.6,1010.0,1.1,NW,14.8,0,2
2024-02-03 16:00:00,北京-Demo,98.6,25.7,1006.6,1.52,SE,18.3,0,0
2024-02-03 17:00:00,北京-Demo,77.8,22.7,1009.2,6.16,NW,13.6,0,0
2024-02-03 18:00:00,北京-Demo,79.5,25.5,1005.9,1.87,SE,17.9,0,0
2024-02-03 19:00:00,北京-Demo,73.5,27.8,1009.2,0.88,SE,16.1,0,0
2024-02-03 20:00:00,北京-Demo,84.9,26.0,1006.9,3.7,SE,13.3,0,0
2024-02-03 21:00:00,北京-Demo,71.7,21.6,1007.3,6.12,NW,9.6,0,0
2024-02-03 22:00:00,北京-Demo,75.9,23.7,1009.8,0.77,cv,21.2,0,0
2024-02-03 23:00:00,北京-Demo,54.2,21.4,1008.1,5.08,NW,16.9,0,0
2024-02-04 00:00:00,北京-Demo,67.6,21.2,1009.9,6.55,NW,12.2,0,0
2024-02-04 01:00:00,北京-Demo,73.0,24.3,1008.8,4.9,SE,10.2,0,0
2024-02-04 02:00:00,北京-Demo,67.9,20.8,1009.5,2.29,NE,8.0,0,0
2024-02-04 03:00:00,北京-Demo,78.1,16.7,1010.4,5.26,NE,3.7,0,0
2024-02-04 04:00:00,北京-Demo,68.4,20.7,1008.9,5.62,NW,14.7,0,0
2024-02-04 05:00:00,北京-Demo,87.3,22.4,1007.7,0.93,SE,14.8,0,0
2024-02-04 06:00:00,北京-Demo,98.2,27.9,1008.8,4.38,NW,19.8,0,0
2024-02-04 07:00:00,北京-Demo,80.6,21.9,1012.4,2.75,NW,17.8,0,0
2024-02-04 08:00:00,北京-Demo,83.5,24.9,1010.4,2.67,cv,22.5,0,0
2024-02-04 09:00:00,北京-Demo,101.6,22.9,1008.7,0.43,SE,8.6,0,0
2024-02-04 10:00:00,北京-Demo,104.9,27.1,1011.3,0.31,NE,21.9,0,0
2024-02-04 11:00:00,北京-Demo,89.4,26.9,1011.6,2.76,NE,21.7,0,0
2024-02-04 12:00:00,北京-Demo,90.6,26.9,1011.9,2.28,NE,23.8,0,0
2024-02-04 13:00:00,北京-Demo,91.0,18.2,1009.0,2.26,NW,4.1,0,0
2024-02-04 14:00:00,北京-Demo,80.9,24.0,1009.8,2.07,SE,14.5,0,0
2024-02-04 15:00:00,北京-Demo,81.7,25.7,1010.0,1.06,cv,15.0,0,0
2024-02-04 16:00:00,北京-Demo,77.8,24.6,1010.8,4.6,NE,10.7,0,0
2024-02-04 17:00:00,北京-Demo,75.9,25.3,1012.8,6.49,SE,18.9,0,0
2024-02-04 18:00:00,北京-Demo,77.7,23.6,1012.5,0.63,NE,13.5,0,0
2024-02-04 19:00:00,北京-Demo,75.8,21.2,1012.8,4.11,cv,18.7,0,1
2024-02-04 20:00:00,北京-Demo,82.6,18.4,1015.0,0.81,SE,13.9,0,0
2024-02-04 21:00:00,北京-Demo,58.9,21.5,1013.8,2.06,NW,8.7,0,0
2024-02-04 22:00:00,北京-Demo,72.2,31.5,1012.3,3.44,NW,19.5,0,1
2024-02-04 23:00:00,北京-Demo,61.0,22.0,1010.4,1.39,NE,15.5,0,0
2024-02-05 00:00:00,北京-Demo,61.6,17.6,1011.6,1.2,NE,10.7,0,1
2024-02-05 01:00:00,北京-Demo,67.7,25.7,1012.7,2.51,SE,16.8,0,1
2024-02-05 02:00:00,北京-Demo,54.7,26.1,1015.0,4.56,cv,24.1,0,0
2024-02-05 03:00:00,北京-Demo,68.9,27.4,1013.5,1.64,NE,22.3,0,0
2024-02-05 04:00:00,北京-Demo,70.2,24.9,1012.4,1.19,SE,20.2,0,0
2024-02-05 05:00:00,北京-Demo,76.2,26.1,1012.5,1.73,cv,20.8,0,0
2024-02-05 06:00:00,北京-Demo,78.3,29.1,1014.0,5.5,NE,16.6,0,0
2024-02-05 07:00:00,北京-Demo,99.4,21.3,1016.1,2.55,NE,15.7,0,0
2024-02-05 08:00:00,北京-Demo,78.1,20.7,1017.7,2.71,SE,16.2,0,0
2024-02-05 09:00:00,北京-Demo,81.9,20.3,1014.2,1.9,NE,11.7,0,0
2024-02-05 10:00:00,北京-Demo,83.4,22.8,1014.7,2.18,NW,9.5,0,0
2024-02-05 11:00:00,北京-Demo,85.2,27.9,1012.6,4.18,cv,22.8,0,0
2024-02-05 12:00:00,北京-Demo,84.9,25.2,1019.0,2.77,cv,22.2,0,0
2024-02-05 13:00:00,北京-Demo,98.9,25.1,1012.5,7.76,NW,18.4,0,0
2024-02-05 14:00:00,北京-Demo,99.1,18.2,1017.8,1.71,SE,6.4,0,0
2024-02-05 15:00:00,北京-Demo,80.6,21.6,1014.9,6.18,NW,12.4,0,0
2024-02-05 16:00:00,北京-Demo,75.3,18.1,1014.6,0.67,NW,5.5,0,0
2024-02-05 17:00:00,北京-Demo,82.0,27.2,1013.7,2.79,cv,12.7,0,1
2024-02-05 18:00:00,北京-Demo,69.8,28.4,1020.9,2.52,SE,16.1,0,0
2024-02-05 19:00:00,北京-Demo,179.4,26.0,1016.7,6.22,NE,16.2,0,0
2024-02-05 20:00:00,北京-Demo,160.0,20.7,1016.4,1.94,NW,12.3,0,0
2024-02-05 21:00:00,北京-Demo,132.2,28.1,1018.3,7.57,NW,25.6,0,0
2024-02-05 22:00:00,北京-Demo,144.7,22.9,1015.4,0.59,SE,8.1,0,0
2024-02-05 23:00:00,北京-Demo,136.7,20.1,1016.8,1.33,NW,13.1,0,0
2024-02-06 00:00:00,北京-Demo,109.4,20.8,1017.0,1.41,SE,16.8,0,1
2024-02-06 01:00:00,北京-Demo,105.0,22.4,1016.0,0.77,NE,11.8,0,0
2024-02-06 02:00:00,北京-Demo,106.0,23.9,1019.5,2.54,SE,18.2,0,1
2024-02-06 03:00:00,北京-Demo,103.6,23.3,1016.8,2.02,NE,13.6,0,0
2024-02-06 04:00:00,北京-Demo,104.7,19.5,1014.2,5.09,SE,9.9,0,0
2024-02-06 05:00:00,北京-Demo,115.1,27.4,1016.8,0.85,NW,19.6,0,0
2024-02-06 06:00:00,北京-Demo,97.9,23.3,1018.0,9.99,NE,10.4,0,0
2024-02-06 07:00:00,北京-Demo,184.6,21.6,1015.8,7.27,NW,16.2,0,0
2024-02-06 08:00:00,北京-Demo,170.1,27.1,1016.0,1.53,NE,19.3,0,0
2024-02-06 09:00:00,北京-Demo,166.5,20.2,1016.6,4.04,SE,11.3,0,2
2024-02-06 10:00:00,北京-Demo,164.0,18.9,1020.2,1.55,SE,8.3,0,0
2024-02-06 11:00:00,北京-Demo,170.9,27.6,1016.9,3.96,SE,15.4,0,0
2024-02-06 12:00:00,北京-Demo,144.7,29.5,1020.7,0.72,cv,22.4,0,0
2024-02-06 13:00:00,北京-Demo,142.9,22.4,1016.7,3.85,cv,12.0,0,0
2024-02-06 14:00:00,北京-Demo,133.2,23.7,1018.6,1.81,NE,19.7,0,1
2024-02-06 15:00:00,北京-Demo,134.8,20.4,1017.1,0.61,cv,6.3,0,1
2024-02-06 16:00:00,北京-Demo,137.5,23.9,1019.5,2.39,SE,16.9,0,2
2024-02-06 17:00:00,北京-Demo,105.1,22.4,1015.8,2.49,cv,10.9,0,0
2024-02-06 18:00:00,北京-Demo,97.7,23.6,1019.5,2.86,cv,21.3,0,0
2024-02-06 19:00:00,北京-Demo,97.5,25.1,1018.2,7.64,NW,20.4,0,0
2024-02-06 20:00:00,北京-Demo,88.6,20.6,1016.7,1.82,NE,12.3,0,0
2024-02-06 21:00:00,北京-Demo,92.8,22.8,1017.6,2.2,NE,9.4,0,0
2024-02-06 22:00:00,北京-Demo,172.1,18.5,1021.0,0.67,NE,9.6,0,1
2024-02-06 23:00:00,北京-Demo,150.5,22.8,1018.2,3.28,cv,8.8,0,0
2024-02-07 00:00:00,北京-Demo,146.5,23.6,1016.5,2.25,SE,15.4,0,0
2024-02-07 01:00:00,北京-Demo,141.3,24.6,1015.4,0.94,NW,16.2,0,0
2024-02-07 02:00:00,北京-Demo,131.9,24.7,1018.8,2.75,NE,21.1,0,0
2024-02-07 03:00:00,北京-Demo,124.2,26.7,1018.1,1.12,cv,14.2,0,0
2024-02-07 04:00:00,北京-Demo,125.1,19.3,1019.0,9.2,SE,14.1,0,0
2024-02-07 05:00:00,北京-Demo,123.7,19.5,1014.7,1.92,NW,5.8,0,0
2024-02-07 06:00:00,北京-Demo,124.1,25.6,1015.2,0.86,NW,11.7,0,0
2024-02-07 07:00:00,北京-Demo,113.0,17.9,1019.7,3.75,NE,3.6,0,0
2024-02-07 08:00:00,北京-Demo,106.6,24.5,1018.0,0.79,NE,15.8,0,0
2024-02-07 09:00:00,北京-Demo,109.2,20.5,1018.3,4.85,SE,9.7,0,0
2024-02-07 10:00:00,北京-Demo,117.4,28.7,1015.2,0.77,cv,16.6,0,0
2024-02-07 11:00:00,北京-Demo,100.4,24.8,1015.1,4.2,SE,21.1,0,1
2024-02-07 12:00:00,北京-Demo,108.4,23.4,1018.9,5.08,NE,13.6,0,0
2024-02-07 13:00:00,北京-Demo,100.0,27.7,1018.9,6.92,SE,25.3,0,0
2024-02-07 14:00:00,北京-Demo,100.3,20.9,1014.5,1.26,cv,12.4,0,0
2024-02-07 15:00:00,北京-Demo,106.6,21.4,1014.0,4.67,NW,17.4,0,1
2024-02-07 16:00:00,北京-Demo,93.6,20.3,1016.2,5.39,NW,15.9,0,0
2024-02-07 17:00:00,北京-Demo,87.8,21.5,1014.7,1.44,NW,14.7,0,0
2024-02-07 18:00:00,北京-Demo,71.8,24.3,1014.5,0.5,NW,16.6,0,0
2024-02-07 19:00:00,北京-Demo,84.1,25.6,1013.5,0.76,NE,15.5,0,0
2024-02-07 20:00:00,北京-Demo,79.0,27.0,1014.9,0.78,NE,24.0,0,0
2024-02-07 21:00:00,北京-Demo,87.5,18.6,1013.4,1.97,cv,10.1,0,0
2024-02-07 22:00:00,北京-Demo,60.3,23.6,1013.3,3.06,cv,19.2,0,0
2024-02-07 23:00:00,北京-Demo,63.2,20.8,1015.9,1.68,cv,11.3,0,0
2024-02-08 00:00:00,北京-Demo,63.1,23.5,1015.1,2.75,cv,13.2,0,0
2024-02-08 01:00:00,北京-Demo,74.4,31.1,1016.0,5.91,SE,21.9,0,0
2024-02-08 02:00:00,北京-Demo,62.7,25.0,1011.5,1.47,cv,13.4,0,0
2024-02-08 03:00:00,北京-Demo,68.3,26.9,1014.7,2.27,NW,20.5,0,0
2024-02-08 04:00:00,北京-Demo,74.2,30.0,1018.6,3.82,NW,18.1,0,0
2024-02-08 05:00:00,北京-Demo,74.7,27.6,1013.5,3.57,NW,19.9,0,0
2024-02-08 06:00:00,北京-Demo,73.7,22.8,1015.8,3.72,SE,14.5,0,0
2024-02-08 07:00:00,北京-Demo,82.9,20.4,1015.6,1.71,cv,9.9,0,0
2024-02-08 08:00:00,北京-Demo,93.7,24.1,1015.5,4.31,NW,21.9,0,0
2024-02-08 09:00:00,北京-Demo,80.2,22.5,1013.9,2.75,NW,12.0,0,1
2024-02-08 10:00:00,北京-Demo,92.1,19.6,1014.5,0.84,NW,9.6,0,0
2024-02-08 11:00:00,北京-Demo,87.1,24.9,1014.6,2.57,NW,18.9,0,0
2024-02-08 12:00:00,北京-Demo,103.0,25.0,1014.3,2.01,NE,21.9,0,1
2024-02-08 13:00:00,北京-Demo,81.0,29.5,1010.6,0.27,cv,26.4,0,2
2024-02-08 14:00:00,北京-Demo,87.4,23.2,1009.2,9.23,cv,9.2,0,1
2024-02-08 15:00:00,北京-Demo,92.7,25.1,1009.3,2.57,SE,14.1,0,1
2024-02-08 16:00:00,北京-Demo,99.3,22.3,1011.7,8.7,NE,18.6,0,0
2024-02-08 17:00:00,北京-Demo,82.8,26.9,1013.3,3.37,SE,20.3,0,0
2024-02-08 18:00:00,北京-Demo,75.2,23.9,1009.7,1.06,NW,14.2,0,0
2024-02-08 19:00:00,北京-Demo,91.0,20.8,1013.6,0.93,SE,7.9,0,0
2024-02-08 20:00:00,北京-Demo,61.0,24.3,1010.5,3.26,NW,21.7,0,0
2024-02-08 21:00:00,北京-Demo,52.1,25.5,1010.4,2.89,NW,20.4,0,0
2024-02-08 22:00:00,北京-Demo,71.0,25.1,1009.5,1.44,cv,11.5,0,0
2024-02-08 23:00:00,北京-Demo,62.1,27.5,1007.2,2.76,cv,25.3,0,0
2024-02-09 00:00:00,北京-Demo,57.7,20.0,1011.3,8.71,cv,15.4,0,0
2024-02-09 01:00:00,北京-Demo,72.2,21.8,1014.1,8.84,cv,7.3,0,0
2024-02-09 02:00:00,北京-Demo,70.2,26.3,1010.4,3.81,cv,16.3,0,0
2024-02-09 03:00:00,北京-Demo,66.3,22.2,1006.6,1.85,NE,16.8,0,0
2024-02-09 04:00:00,北京-Demo,63.8,25.1,1011.7,3.02,cv,22.2,0,0
2024-02-09 05:00:00,北京-Demo,84.8,17.1,1006.8,1.23,SE,14.7,0,0
2024-02-09 06:00:00,北京-Demo,87.1,32.5,1007.5,4.01,NW,27.3,0,1
2024-02-09 07:00:00,北京-Demo,85.1,23.6,1009.3,0.76,cv,10.1,0,1
2024-02-09 08:00:00,北京-Demo,104.5,28.0,1009.8,3.04,NE,20.6,0,0
2024-02-09 09:00:00,北京-Demo,84.4,23.4,1007.4,5.05,SE,12.0,0,0
2024-02-09 10:00:00,北京-Demo,83.3,25.7,1008.8,3.59,SE,11.7,0,1
2024-02-09 11:00:00,北京-Demo,91.6,28.9,1010.6,1.2,NW,21.6,0,0
2024-02-09 12:00:00,北京-Demo,97.4,27.9,1010.8,6.17,SE,23.4,0,0
2024-02-09 13:00:00,北京-Demo,99.3,23.8,1011.5,2.55,SE,15.1,0,0
2024-02-09 14:00:00,北京-Demo,94.1,24.0,1012.7,2.6,SE,10.2,0,1
2024-02-09 15:00:00,北京-Demo,96.6,27.5,1010.4,3.94,SE,15.0,0,0
2024-02-09 16:00:00,北京-Demo,80.7,31.5,1008.2,1.23,NE,28.6,0,0
2024-02-09 17:00:00,北京-Demo,98.8,25.1,1010.3,1.9,NW,14.0,0,0
2024-02-09 18:00:00,北京-Demo,82.8,30.4,1009.4,5.51,cv,20.9,0,0
2024-02-09 19:00:00,北京-Demo,88.6,23.8,1009.4,0.57,SE,10.0,0,0
2024-02-09 20:00:00,北京-Demo,78.9,27.4,1008.7,3.4,NE,23.8,0,1
2024-02-09 21:00:00,北京-Demo,76.8,27.8,1006.5,1.33,NW,18.9,0,1
2024-02-09 22:00:00,北京-Demo,75.4,23.3,1006.2,1.95,cv,9.9,0,0
2024-02-09 23:00:00,北京-Demo,73.0,22.3,1008.0,1.15,NW,15.0,0,0
2024-02-10 00:00:00,北京-Demo,74.1,28.0,1008.4,1.62,NE,19.7,0,0
2024-02-10 01:00:00,北京-Demo,80.1,22.9,1006.7,2.4,NE,20.0,0,0
2024-02-10 02:00:00,北京-Demo,184.3,21.9,1008.9,2.25,NE,16.2,0,0
2024-02-10 03:00:00,北京-Demo,177.7,22.5,1012.2,1.31,SE,16.3,0,0
2024-02-10 04:00:00,北京-Demo,162.9,23.0,1004.5,0.26,NE,8.7,0,0
2024-02-10 05:00:00,北京-Demo,168.5,27.1,1009.2,1.18,cv,21.5,0,0
2024-02-10 06:00:00,北京-Demo,146.5,26.1,1007.9,1.24,SE,18.1,0,0
2024-02-10 07:00:00,北京-Demo,162.3,26.7,1008.9,4.01,NW,16.0,0,0
2024-02-10 08:00:00,北京-Demo,144.1,25.9,1007.2,1.1,cv,21.8,0,0
2024-02-10 09:00:00,北京-Demo,129.9,22.8,1007.7,1.41,SE,14.5,0,0
2024-02-10 10:00:00,北京-Demo,139.3,26.7,1008.3,5.47,NE,15.1,0,0
2024-02-10 11:00:00,北京-Demo,129.5,28.2,1007.5,1.87,NW,14.9,0,1
2024-02-10 12:00:00,北京-Demo,137.9,26.4,1005.1,3.39,NE,16.2,0,0
2024-02-10 13:00:00,北京-Demo,121.6,26.0,1007.7,1.09,cv,15.3,0,0
2024-02-10 14:00:00,北京-Demo,118.4,22.3,1005.4,5.48,cv,18.7,0,0
2024-02-10 15:00:00,北京-Demo,101.5,25.3,1009.6,2.44,SE,11.0,0,0
2024-02-10 16:00:00,北京-Demo,107.3,22.2,1004.6,0.71,cv,18.5,0,0
2024-02-10 17:00:00,北京-Demo,85.5,24.6,1010.5,4.06,NW,12.5,0,0
2024-02-10 18:00:00,北京-Demo,86.3,19.8,1009.4,2.13,SE,14.3,0,0
2024-02-10 19:00:00,北京-Demo,99.3,19.8,1009.4,5.0,NW,5.7,0,0
2024-02-10 20:00:00,北京-Demo,94.3,24.1,1004.3,5.9,NE,12.8,0,0
2024-02-10 21:00:00,北京-Demo,86.8,23.1,1008.1,1.84,NW,11.3,0,0
2024-02-10 22:00:00,北京-Demo,72.0,25.0,1011.2,2.79,NW,20.2,0,0
2024-02-10 23:00:00,北京-Demo,76.7,24.3,1007.9,2.6,cv,16.6,0,0
2024-02-11 00:00:00,北京-Demo,75.5,24.8,1006.9,6.64,NE,14.8,0,0
2024-02-11 01:00:00,北京-Demo,65.8,26.6,1007.9,1.21,cv,14.6,0,0
2024-02-11 02:00:00,北京-Demo,82.2,23.4,1009.2,0.61,NE,20.0,0,0
2024-02-11 03:00:00,北京-Demo,79.5,24.1,1007.8,2.13,NE,9.6,0,0
2024-02-11 04:00:00,北京-Demo,73.7,29.1,1012.1,1.15,NW,15.6,0,0
2024-02-11 05:00:00,北京-Demo,79.1,24.8,1009.6,2.21,cv,19.3,0,0
2024-02-11 06:00:00,北京-Demo,84.3,24.2,1008.8,6.32,NW,11.5,0,0
2024-02-11 07:00:00,北京-Demo,70.1,25.0,1007.4,3.12,NW,16.3,0,0
2024-02-11 08:00:00,北京-Demo,87.9,24.3,1011.2,3.34,NW,16.3,0,0
2024-02-11 09:00:00,北京-Demo,87.4,22.7,1011.3,2.07,NE,16.6,0,0
2024-02-11 10:00:00,北京-Demo,87.1,21.8,1008.9,1.46,cv,12.3,0,0
2024-02-11 11:00:00,北京-Demo,94.2,22.5,1006.2,2.61,cv,11.0,0,0
2024-02-11 12:00:00,北京-Demo,111.2,27.4,1011.7,1.4,NW,20.1,0,0
2024-02-11 13:00:00,北京-Demo,101.3,22.9,1010.6,3.39,NE,12.8,0,0
2024-02-11 14:00:00,北京-Demo,89.9,24.4,1011.8,0.97,cv,13.3,0,1
2024-02-11 15:00:00,北京-Demo,96.5,27.0,1015.3,1.21,SE,15.7,0,2
